{"elements":[{"from":[1.4285712,21.714287,5.142857],"to":[14.571428,24.57143,10.857143],"rotation":{"angle":0.0,"axis":"y","origin":[8.0,8.0,8.0]},"faces":{"east":{"uv":[11.9375,5.0,12.5625,5.3125],"rotation":0,"texture":"#0","tintindex":0},"south":{"uv":[10.8125,11.25,12.25,11.5625],"rotation":0,"texture":"#0","tintindex":0},"north":{"uv":[10.875,10.125,12.3125,10.4375],"rotation":0,"texture":"#0","tintindex":0},"west":{"uv":[6.5,11.9375,7.125,12.25],"rotation":0,"texture":"#0","tintindex":0},"up":{"uv":[1.4375,10.5625,0.0,9.9375],"rotation":0,"texture":"#0","tintindex":0},"down":{"uv":[11.375,8.0,9.9375,8.625],"rotation":0,"texture":"#0","tintindex":0}}},{"from":[4.285714,22.285715,10.857143],"to":[9.428572,24.57143,12.0],"rotation":{"angle":0.0,"axis":"y","origin":[8.0,8.0,8.0]},"faces":{"east":{"uv":[9.9375,13.3125,10.0625,13.5625],"rotation":0,"texture":"#0","tintindex":0},"south":{"uv":[12.5,0.875,13.0625,1.125],"rotation":0,"texture":"#0","tintindex":0},"north":{"uv":[12.3125,10.5,12.875,10.75],"rotation":0,"texture":"#0","tintindex":0},"west":{"uv":[13.3125,9.9375,13.4375,10.1875],"rotation":0,"texture":"#0","tintindex":0},"up":{"uv":[5.875,4.375,5.3125,4.25],"rotation":0,"texture":"#0","tintindex":0},"down":{"uv":[4.0,5.375,3.4375,5.5],"rotation":0,"texture":"#0","tintindex":0}}},{"from":[1.9999995,24.57143,5.714286],"to":[14.0,26.857143,10.285714],"rotation":{"angle":0.0,"axis":"y","origin":[8.0,8.0,8.0]},"faces":{"east":{"uv":[12.5,9.75,13.0,10.0],"rotation":0,"texture":"#0","tintindex":0},"south":{"uv":[11.375,7.8125,12.6875,8.0625],"rotation":0,"texture":"#0","tintindex":0},"north":{"uv":[11.1875,5.4375,12.5,5.6875],"rotation":0,"texture":"#0","tintindex":0},"west":{"uv":[11.0,12.5,11.5,12.75],"rotation":0,"texture":"#0","tintindex":0},"up":{"uv":[3.9375,5.375,2.625,4.875],"rotation":0,"texture":"#0","tintindex":0},"down":{"uv":[12.0,3.0625,10.6875,3.5625],"rotation":0,"texture":"#0","tintindex":0}}}],"textures":{"0":"modelengine:entity/golemtexture"},"display":{"head":{"translation":[0.0,-6.4,0.0],"scale":[4.0,4.0,4.0]}}}