{"elements":[{"from":[0.85714245,7.8095236,4.5714283],"to":[15.142858,14.095239,11.428572],"rotation":{"angle":0.0,"axis":"y","origin":[8.0,-9.904762,8.0]},"faces":{"east":{"uv":[8.625,10.9375,9.375,11.625],"rotation":0,"texture":"#0","tintindex":0},"south":{"uv":[9.75,7.3125,11.3125,8.0],"rotation":0,"texture":"#0","tintindex":0},"north":{"uv":[9.75,6.625,11.3125,7.3125],"rotation":0,"texture":"#0","tintindex":0},"west":{"uv":[11.0,3.5625,11.75,4.25],"rotation":0,"texture":"#0","tintindex":0},"up":{"uv":[10.3125,3.125,8.75,2.375],"rotation":0,"texture":"#0","tintindex":0},"down":{"uv":[10.6875,3.125,9.125,3.875],"rotation":0,"texture":"#0","tintindex":0}}},{"from":[-0.2857151,10.095238,6.857143],"to":[0.85714245,12.952381,10.857143],"rotation":{"angle":0.0,"axis":"y","origin":[8.0,-9.904762,8.0]},"faces":{"east":{"uv":[9.8125,2.0625,10.25,2.375],"rotation":0,"texture":"#0","tintindex":0},"south":{"uv":[12.375,8.0625,12.5,8.375],"rotation":0,"texture":"#0","tintindex":0},"north":{"uv":[12.25,11.25,12.375,11.5625],"rotation":0,"texture":"#0","tintindex":0},"west":{"uv":[9.3125,12.5,9.75,12.8125],"rotation":0,"texture":"#0","tintindex":0},"up":{"uv":[8.25,13.5625,8.125,13.125],"rotation":0,"texture":"#0","tintindex":0},"down":{"uv":[11.6875,13.125,11.5625,13.5625],"rotation":0,"texture":"#0","tintindex":0}}}],"textures":{"0":"modelengine:entity/golemtexture"},"display":{"head":{"translation":[0.0,-6.4,0.0],"scale":[4.0,4.0,4.0]}}}