{"elements":[{"from":[-1.4285717,8.0,3.4285712],"to":[17.428572,13.142858,12.571428],"rotation":{"angle":0.0,"axis":"y","origin":[8.0,-14.857143,8.0]},"faces":{"east":{"uv":[6.625,10.9375,7.625,11.5],"rotation":0,"texture":"#0","tintindex":0},"south":{"uv":[0.0,9.375,2.0625,9.9375],"rotation":0,"texture":"#0","tintindex":0},"north":{"uv":[9.125,5.125,11.1875,5.6875],"rotation":0,"texture":"#0","tintindex":0},"west":{"uv":[7.625,10.9375,8.625,11.5],"rotation":0,"texture":"#0","tintindex":0},"up":{"uv":[7.375,3.25,5.3125,2.25],"rotation":0,"texture":"#0","tintindex":0},"down":{"uv":[7.375,3.25,5.3125,4.25],"rotation":0,"texture":"#0","tintindex":0}}},{"from":[0.85714245,8.571428,12.571428],"to":[8.285714,12.0,13.714286],"rotation":{"angle":0.0,"axis":"y","origin":[8.0,-14.857143,8.0]},"faces":{"east":{"uv":[1.125,13.25,1.25,13.625],"rotation":0,"texture":"#0","tintindex":0},"south":{"uv":[1.375,11.4375,2.1875,11.8125],"rotation":0,"texture":"#0","tintindex":0},"north":{"uv":[6.875,8.1875,7.6875,8.5625],"rotation":0,"texture":"#0","tintindex":0},"west":{"uv":[8.25,13.25,8.375,13.625],"rotation":0,"texture":"#0","tintindex":0},"up":{"uv":[3.4375,5.5,2.625,5.375],"rotation":0,"texture":"#0","tintindex":0},"down":{"uv":[6.5,8.0625,5.6875,8.1875],"rotation":0,"texture":"#0","tintindex":0}}}],"textures":{"0":"modelengine:entity/golemtexture"},"display":{"head":{"translation":[0.0,-6.4,0.0],"scale":[4.0,4.0,4.0]}}}