{"elements":[{"from":[-4.8571434,7.428571,1.7142854],"to":[20.857143,17.714287,14.285715],"rotation":{"angle":0.0,"axis":"y","origin":[8.0,-19.428574,8.0]},"faces":{"east":{"uv":[5.625,0.0,7.0,1.125],"rotation":0,"texture":"#0","tintindex":0},"south":{"uv":[2.8125,0.0,5.625,1.125],"rotation":0,"texture":"#0","tintindex":0},"north":{"uv":[0.0,2.75,2.8125,3.875],"rotation":0,"texture":"#0","tintindex":0},"west":{"uv":[7.75,4.75,9.125,5.875],"rotation":0,"texture":"#0","tintindex":0},"up":{"uv":[2.8125,1.375,0.0,0.0],"rotation":0,"texture":"#0","tintindex":0},"down":{"uv":[2.8125,1.375,0.0,2.75],"rotation":0,"texture":"#0","tintindex":0}}},{"from":[16.285715,11.428572,0.5714283],"to":[20.857143,16.57143,1.7142854],"rotation":{"angle":0.0,"axis":"y","origin":[8.0,-19.428574,8.0]},"faces":{"east":{"uv":[0.75,13.0625,0.875,13.625],"rotation":0,"texture":"#0","tintindex":0},"south":{"uv":[8.375,11.625,8.875,12.1875],"rotation":0,"texture":"#0","tintindex":0},"north":{"uv":[11.4375,11.5625,11.9375,12.125],"rotation":0,"texture":"#0","tintindex":0},"west":{"uv":[13.0625,1.875,13.1875,2.4375],"rotation":0,"texture":"#0","tintindex":0},"up":{"uv":[13.5625,2.5625,13.0625,2.4375],"rotation":0,"texture":"#0","tintindex":0},"down":{"uv":[13.625,1.75,13.125,1.875],"rotation":0,"texture":"#0","tintindex":0}}},{"from":[14.571428,7.428571,0.5714283],"to":[16.857143,9.714286,1.7142854],"rotation":{"angle":0.0,"axis":"y","origin":[8.0,-19.428574,8.0]},"faces":{"east":{"uv":[7.5,13.3125,7.625,13.5625],"rotation":0,"texture":"#0","tintindex":0},"south":{"uv":[11.3125,13.125,11.5625,13.375],"rotation":0,"texture":"#0","tintindex":0},"north":{"uv":[13.125,8.8125,13.375,9.0625],"rotation":0,"texture":"#0","tintindex":0},"west":{"uv":[9.8125,13.3125,9.9375,13.5625],"rotation":0,"texture":"#0","tintindex":0},"up":{"uv":[2.25,11.9375,2.0,11.8125],"rotation":0,"texture":"#0","tintindex":0},"down":{"uv":[11.25,12.375,11.0,12.5],"rotation":0,"texture":"#0","tintindex":0}}},{"from":[14.571428,9.142858,14.285715],"to":[19.142857,15.428572,15.428572],"rotation":{"angle":0.0,"axis":"y","origin":[8.0,-19.428574,8.0]},"faces":{"east":{"uv":[7.75,12.75,7.875,13.4375],"rotation":0,"texture":"#0","tintindex":0},"south":{"uv":[11.3125,7.125,11.8125,7.8125],"rotation":0,"texture":"#0","tintindex":0},"north":{"uv":[11.3125,6.4375,11.8125,7.125],"rotation":0,"texture":"#0","tintindex":0},"west":{"uv":[4.625,12.875,4.75,13.5625],"rotation":0,"texture":"#0","tintindex":0},"up":{"uv":[12.4375,5.4375,11.9375,5.3125],"rotation":0,"texture":"#0","tintindex":0},"down":{"uv":[13.5,10.1875,13.0,10.3125],"rotation":0,"texture":"#0","tintindex":0}}},{"from":[-3.7142859,14.857143,14.285715],"to":[-0.2857151,17.142857,15.428572],"rotation":{"angle":0.0,"axis":"y","origin":[8.0,-19.428574,8.0]},"faces":{"east":{"uv":[9.875,12.125,10.0,12.375],"rotation":0,"texture":"#0","tintindex":0},"south":{"uv":[11.3125,12.875,11.6875,13.125],"rotation":0,"texture":"#0","tintindex":0},"north":{"uv":[12.875,10.5,13.25,10.75],"rotation":0,"texture":"#0","tintindex":0},"west":{"uv":[11.8125,12.125,11.9375,12.375],"rotation":0,"texture":"#0","tintindex":0},"up":{"uv":[13.5625,2.4375,13.1875,2.3125],"rotation":0,"texture":"#0","tintindex":0},"down":{"uv":[13.625,6.625,13.25,6.75],"rotation":0,"texture":"#0","tintindex":0}}},{"from":[3.7142854,7.428571,-6.285715],"to":[14.571428,17.714287,1.7142854],"rotation":{"angle":0.0,"axis":"y","origin":[8.0,-19.428574,8.0]},"faces":{"east":{"uv":[5.875,9.3125,6.8125,10.4375],"rotation":0,"texture":"#0","tintindex":0},"south":{"uv":[5.6875,8.1875,6.875,9.3125],"rotation":0,"texture":"#0","tintindex":0},"north":{"uv":[4.5,8.0625,5.6875,9.1875],"rotation":0,"texture":"#0","tintindex":0},"west":{"uv":[9.8125,0.9375,10.75,2.0625],"rotation":0,"texture":"#0","tintindex":0},"up":{"uv":[10.8125,0.9375,9.625,0.0],"rotation":0,"texture":"#0","tintindex":0},"down":{"uv":[10.9375,5.6875,9.75,6.625],"rotation":0,"texture":"#0","tintindex":0}}},{"from":[1.4285712,11.428572,-1.7142859],"to":[12.285715,21.714287,15.428572],"rotation":{"angle":0.0,"axis":"y","origin":[8.0,-19.428574,8.0]},"faces":{"east":{"uv":[4.0,4.375,5.875,5.5],"rotation":0,"texture":"#0","tintindex":0},"south":{"uv":[3.3125,8.0,4.5,9.125],"rotation":0,"texture":"#0","tintindex":0},"north":{"uv":[2.125,8.0,3.3125,9.125],"rotation":0,"texture":"#0","tintindex":0},"west":{"uv":[5.3125,1.125,7.1875,2.25],"rotation":0,"texture":"#0","tintindex":0},"up":{"uv":[4.0,3.0,2.8125,1.125],"rotation":0,"texture":"#0","tintindex":0},"down":{"uv":[4.0,3.0,2.8125,4.875],"rotation":0,"texture":"#0","tintindex":0}}},{"from":[6.0,14.285715,15.428572],"to":[10.0,18.857143,16.57143],"rotation":{"angle":0.0,"axis":"y","origin":[8.0,-19.428574,8.0]},"faces":{"east":{"uv":[7.625,13.0625,7.75,13.5625],"rotation":0,"texture":"#0","tintindex":0},"south":{"uv":[10.0,11.875,10.4375,12.375],"rotation":0,"texture":"#0","tintindex":0},"north":{"uv":[0.9375,11.875,1.375,12.375],"rotation":0,"texture":"#0","tintindex":0},"west":{"uv":[3.0,13.125,3.125,13.625],"rotation":0,"texture":"#0","tintindex":0},"up":{"uv":[13.625,0.25,13.1875,0.125],"rotation":0,"texture":"#0","tintindex":0},"down":{"uv":[13.625,0.25,13.1875,0.375],"rotation":0,"texture":"#0","tintindex":0}}},{"from":[4.8571424,21.714287,6.857143],"to":[11.142858,22.857143,13.142858],"rotation":{"angle":0.0,"axis":"y","origin":[8.0,-19.428574,8.0]},"faces":{"east":{"uv":[12.875,8.3125,13.5625,8.4375],"rotation":0,"texture":"#0","tintindex":0},"south":{"uv":[12.9375,0.75,13.625,0.875],"rotation":0,"texture":"#0","tintindex":0},"north":{"uv":[12.875,6.25,13.5625,6.375],"rotation":0,"texture":"#0","tintindex":0},"west":{"uv":[6.0,12.9375,6.6875,13.0625],"rotation":0,"texture":"#0","tintindex":0},"up":{"uv":[1.4375,11.25,0.75,10.5625],"rotation":0,"texture":"#0","tintindex":0},"down":{"uv":[10.0625,10.9375,9.375,11.625],"rotation":0,"texture":"#0","tintindex":0}}},{"from":[4.8571424,17.714287,-5.1428576],"to":[8.285714,20.0,-1.7142859],"rotation":{"angle":0.0,"axis":"y","origin":[8.0,-19.428574,8.0]},"faces":{"east":{"uv":[12.875,5.25,13.25,5.5],"rotation":0,"texture":"#0","tintindex":0},"south":{"uv":[12.875,6.0,13.25,6.25],"rotation":0,"texture":"#0","tintindex":0},"north":{"uv":[4.25,12.875,4.625,13.125],"rotation":0,"texture":"#0","tintindex":0},"west":{"uv":[12.875,8.0625,13.25,8.3125],"rotation":0,"texture":"#0","tintindex":0},"up":{"uv":[12.875,6.4375,12.5,6.0625],"rotation":0,"texture":"#0","tintindex":0},"down":{"uv":[12.875,8.0625,12.5,8.4375],"rotation":0,"texture":"#0","tintindex":0}}}],"textures":{"0":"modelengine:entity/golemtexture"},"display":{"head":{"translation":[0.0,-6.4,0.0],"scale":[4.0,4.0,4.0]}}}