{"elements":[{"from":[-0.8571434,1.1428566,2.2857141],"to":[7.714286,13.142858,13.714286],"rotation":{"angle":0.0,"axis":"y","origin":[20.57143,-23.428574,8.0]},"faces":{"east":{"uv":[6.5,4.25,7.75,5.5625],"rotation":0,"texture":"#0","tintindex":0},"south":{"uv":[8.8125,7.1875,9.75,8.5],"rotation":0,"texture":"#0","tintindex":0},"north":{"uv":[8.8125,5.875,9.75,7.1875],"rotation":0,"texture":"#0","tintindex":0},"west":{"uv":[6.5,5.5625,7.75,6.875],"rotation":0,"texture":"#0","tintindex":0},"up":{"uv":[4.0,10.375,3.0625,9.125],"rotation":0,"texture":"#0","tintindex":0},"down":{"uv":[10.0625,3.875,9.125,5.125],"rotation":0,"texture":"#0","tintindex":0}}},{"from":[-2.0,2.2857141,3.4285712],"to":[-0.8571434,7.428571,9.142858],"rotation":{"angle":0.0,"axis":"y","origin":[20.57143,-23.428574,8.0]},"faces":{"east":{"uv":[3.875,11.3125,4.5,11.875],"rotation":0,"texture":"#0","tintindex":0},"south":{"uv":[0.625,13.0625,0.75,13.625],"rotation":0,"texture":"#0","tintindex":0},"north":{"uv":[0.5,13.0625,0.625,13.625],"rotation":0,"texture":"#0","tintindex":0},"west":{"uv":[5.375,11.3125,6.0,11.875],"rotation":0,"texture":"#0","tintindex":0},"up":{"uv":[0.375,13.6875,0.25,13.0625],"rotation":0,"texture":"#0","tintindex":0},"down":{"uv":[0.5,13.0625,0.375,13.6875],"rotation":0,"texture":"#0","tintindex":0}}},{"from":[-2.5714293,8.571428,8.571428],"to":[-0.8571434,11.428572,12.0],"rotation":{"angle":0.0,"axis":"y","origin":[20.57143,-23.428574,8.0]},"faces":{"east":{"uv":[12.625,8.4375,13.0,8.75],"rotation":0,"texture":"#0","tintindex":0},"south":{"uv":[4.4375,13.125,4.625,13.4375],"rotation":0,"texture":"#0","tintindex":0},"north":{"uv":[1.8125,12.25,2.0,12.5625],"rotation":0,"texture":"#0","tintindex":0},"west":{"uv":[12.625,8.75,13.0,9.0625],"rotation":0,"texture":"#0","tintindex":0},"up":{"uv":[9.9375,8.375,9.75,8.0],"rotation":0,"texture":"#0","tintindex":0},"down":{"uv":[6.8125,10.4375,6.625,10.8125],"rotation":0,"texture":"#0","tintindex":0}}},{"from":[3.142857,13.142858,2.8571424],"to":[7.142857,14.285715,9.142858],"rotation":{"angle":0.0,"axis":"y","origin":[20.57143,-23.428574,8.0]},"faces":{"east":{"uv":[4.9375,9.1875,5.625,9.3125],"rotation":0,"texture":"#0","tintindex":0},"south":{"uv":[13.1875,0.0,13.625,0.125],"rotation":0,"texture":"#0","tintindex":0},"north":{"uv":[13.125,9.0625,13.5625,9.1875],"rotation":0,"texture":"#0","tintindex":0},"west":{"uv":[12.875,5.5,13.5625,5.625],"rotation":0,"texture":"#0","tintindex":0},"up":{"uv":[5.375,12.125,4.9375,11.4375],"rotation":0,"texture":"#0","tintindex":0},"down":{"uv":[7.625,11.5,7.1875,12.1875],"rotation":0,"texture":"#0","tintindex":0}}},{"from":[0.28571415,13.142858,5.142857],"to":[1.9999995,13.714286,6.857143],"rotation":{"angle":0.0,"axis":"y","origin":[20.57143,-23.428574,8.0]},"faces":{"east":{"uv":[7.375,8.5625,7.5625,8.625],"rotation":0,"texture":"#0","tintindex":0},"south":{"uv":[7.5625,8.5625,7.75,8.625],"rotation":0,"texture":"#0","tintindex":0},"north":{"uv":[5.0,8.0,5.1875,8.0625],"rotation":0,"texture":"#0","tintindex":0},"west":{"uv":[8.75,3.5,8.9375,3.5625],"rotation":0,"texture":"#0","tintindex":0},"up":{"uv":[9.625,13.5,9.4375,13.3125],"rotation":0,"texture":"#0","tintindex":0},"down":{"uv":[13.5,9.5625,13.3125,9.75],"rotation":0,"texture":"#0","tintindex":0}}},{"from":[0.28571415,13.142858,10.285714],"to":[3.7142854,14.857143,12.571428],"rotation":{"angle":0.0,"axis":"y","origin":[20.57143,-23.428574,8.0]},"faces":{"east":{"uv":[13.25,10.5,13.5,10.6875],"rotation":0,"texture":"#0","tintindex":0},"south":{"uv":[3.5,11.6875,3.875,11.875],"rotation":0,"texture":"#0","tintindex":0},"north":{"uv":[10.9375,6.4375,11.3125,6.625],"rotation":0,"texture":"#0","tintindex":0},"west":{"uv":[13.25,10.6875,13.5,10.875],"rotation":0,"texture":"#0","tintindex":0},"up":{"uv":[13.1875,12.25,12.8125,12.0],"rotation":0,"texture":"#0","tintindex":0},"down":{"uv":[3.1875,12.875,2.8125,13.125],"rotation":0,"texture":"#0","tintindex":0}}},{"from":[-0.2857151,-1.7142859,3.4285712],"to":[7.142857,1.1428566,12.571428],"rotation":{"angle":0.0,"axis":"y","origin":[20.57143,-23.428574,8.0]},"faces":{"east":{"uv":[10.0625,4.8125,11.0625,5.125],"rotation":0,"texture":"#0","tintindex":0},"south":{"uv":[11.8125,6.4375,12.625,6.75],"rotation":0,"texture":"#0","tintindex":0},"north":{"uv":[11.6875,6.125,12.5,6.4375],"rotation":0,"texture":"#0","tintindex":0},"west":{"uv":[2.875,11.375,3.875,11.6875],"rotation":0,"texture":"#0","tintindex":0},"up":{"uv":[10.875,10.5,10.0625,9.5],"rotation":0,"texture":"#0","tintindex":0},"down":{"uv":[11.125,2.0625,10.3125,3.0625],"rotation":0,"texture":"#0","tintindex":0}}}],"textures":{"0":"modelengine:entity/golemtexture"},"display":{"head":{"translation":[0.0,-6.4,0.0],"scale":[4.0,4.0,4.0]}}}