{"elements":[{"from":[1.9999995,-3.4285717,0.5714283],"to":[14.0,8.0,15.428572],"rotation":{"angle":0.0,"axis":"y","origin":[25.142859,-3.4285717,8.0]},"faces":{"east":{"uv":[0.0,5.5,1.625,6.75],"rotation":0,"texture":"#0","tintindex":0},"south":{"uv":[1.3125,6.75,2.625,8.0],"rotation":0,"texture":"#0","tintindex":0},"north":{"uv":[0.0,6.75,1.3125,8.0],"rotation":0,"texture":"#0","tintindex":0},"west":{"uv":[1.625,5.5,3.25,6.75],"rotation":0,"texture":"#0","tintindex":0},"up":{"uv":[1.3125,5.5,0.0,3.875],"rotation":0,"texture":"#0","tintindex":0},"down":{"uv":[2.625,3.875,1.3125,5.5],"rotation":0,"texture":"#0","tintindex":0}}},{"from":[0.85714245,1.1428566,2.2857141],"to":[1.9999995,6.857143,9.142858],"rotation":{"angle":0.0,"axis":"y","origin":[25.142859,-3.4285717,8.0]},"faces":{"east":{"uv":[11.125,2.375,11.875,3.0],"rotation":0,"texture":"#0","tintindex":0},"south":{"uv":[13.0,8.5625,13.125,9.1875],"rotation":0,"texture":"#0","tintindex":0},"north":{"uv":[11.6875,12.875,11.8125,13.5],"rotation":0,"texture":"#0","tintindex":0},"west":{"uv":[11.1875,4.8125,11.9375,5.4375],"rotation":0,"texture":"#0","tintindex":0},"up":{"uv":[7.125,13.375,7.0,12.625],"rotation":0,"texture":"#0","tintindex":0},"down":{"uv":[1.0,12.75,0.875,13.5],"rotation":0,"texture":"#0","tintindex":0}}},{"from":[1.4285712,-1.1428576,9.714286],"to":[1.9999995,1.1428566,12.571428],"rotation":{"angle":0.0,"axis":"y","origin":[25.142859,-3.4285717,8.0]},"faces":{"east":{"uv":[13.0,9.1875,13.3125,9.4375],"rotation":0,"texture":"#0","tintindex":0},"south":{"uv":[7.125,11.9375,7.1875,12.1875],"rotation":0,"texture":"#0","tintindex":0},"north":{"uv":[10.0,11.625,10.0625,11.875],"rotation":0,"texture":"#0","tintindex":0},"west":{"uv":[13.0,9.4375,13.3125,9.6875],"rotation":0,"texture":"#0","tintindex":0},"up":{"uv":[2.8125,4.875,2.75,4.5625],"rotation":0,"texture":"#0","tintindex":0},"down":{"uv":[2.125,10.0625,2.0625,10.375],"rotation":0,"texture":"#0","tintindex":0}}}],"textures":{"0":"modelengine:entity/golemtexture"},"display":{"head":{"translation":[0.0,-6.4,0.0],"scale":[4.0,4.0,4.0]}}}