{"elements":[{"from":[5.142857,4.0,5.142857],"to":[10.857143,8.0,10.857143],"rotation":{"angle":0.0,"axis":"y","origin":[13.142858,4.0,8.0]},"faces":{"east":{"uv":[11.6875,5.6875,12.3125,6.125],"rotation":0,"texture":"#0","tintindex":0},"south":{"uv":[11.75,3.5625,12.375,4.0],"rotation":0,"texture":"#0","tintindex":0},"north":{"uv":[2.875,11.6875,3.5,12.125],"rotation":0,"texture":"#0","tintindex":0},"west":{"uv":[1.375,11.8125,2.0,12.25],"rotation":0,"texture":"#0","tintindex":0},"up":{"uv":[1.375,11.875,0.75,11.25],"rotation":0,"texture":"#0","tintindex":0},"down":{"uv":[2.875,11.3125,2.25,11.9375],"rotation":0,"texture":"#0","tintindex":0}}},{"from":[10.857143,4.0,6.857143],"to":[11.428572,6.285714,10.285714],"rotation":{"angle":0.0,"axis":"y","origin":[13.142858,4.0,8.0]},"faces":{"east":{"uv":[8.9375,12.8125,9.3125,13.0625],"rotation":0,"texture":"#0","tintindex":0},"south":{"uv":[3.0,11.125,3.0625,11.375],"rotation":0,"texture":"#0","tintindex":0},"north":{"uv":[7.125,0.6875,7.1875,0.9375],"rotation":0,"texture":"#0","tintindex":0},"west":{"uv":[9.3125,12.8125,9.6875,13.0625],"rotation":0,"texture":"#0","tintindex":0},"up":{"uv":[7.75,8.5625,7.6875,8.1875],"rotation":0,"texture":"#0","tintindex":0},"down":{"uv":[6.875,9.3125,6.8125,9.6875],"rotation":0,"texture":"#0","tintindex":0}}}],"textures":{"0":"modelengine:entity/golemtexture"},"display":{"head":{"translation":[0.0,-6.4,0.0],"scale":[4.0,4.0,4.0]}}}