{"elements":[{"from":[3.142857,-3.000001,1.7142854],"to":[12.857143,7.857143,14.285715],"rotation":{"angle":0.0,"axis":"y","origin":[25.142859,-15.57143,8.0]},"faces":{"east":{"uv":[7.1875,0.0,8.5625,1.1875],"rotation":0,"texture":"#0","tintindex":0},"south":{"uv":[6.875,8.625,7.9375,9.8125],"rotation":0,"texture":"#0","tintindex":0},"north":{"uv":[8.5625,0.0,9.625,1.1875],"rotation":0,"texture":"#0","tintindex":0},"west":{"uv":[7.375,1.1875,8.75,2.375],"rotation":0,"texture":"#0","tintindex":0},"up":{"uv":[8.8125,7.25,7.75,5.875],"rotation":0,"texture":"#0","tintindex":0},"down":{"uv":[8.8125,7.25,7.75,8.625],"rotation":0,"texture":"#0","tintindex":0}}},{"from":[6.0,2.7142854,0.5714283],"to":[11.714286,7.285714,1.7142854],"rotation":{"angle":0.0,"axis":"y","origin":[25.142859,-15.57143,8.0]},"faces":{"east":{"uv":[4.0625,13.0625,4.1875,13.5625],"rotation":0,"texture":"#0","tintindex":0},"south":{"uv":[10.0625,11.375,10.6875,11.875],"rotation":0,"texture":"#0","tintindex":0},"north":{"uv":[1.4375,9.9375,2.0625,10.4375],"rotation":0,"texture":"#0","tintindex":0},"west":{"uv":[6.5,13.0625,6.625,13.5625],"rotation":0,"texture":"#0","tintindex":0},"up":{"uv":[13.625,8.0625,13.0,7.9375],"rotation":0,"texture":"#0","tintindex":0},"down":{"uv":[13.625,8.4375,13.0,8.5625],"rotation":0,"texture":"#0","tintindex":0}}},{"from":[4.8571424,-1.2857151,0.5714283],"to":[8.285714,1.5714283,1.7142854],"rotation":{"angle":0.0,"axis":"y","origin":[25.142859,-15.57143,8.0]},"faces":{"east":{"uv":[9.9375,9.5,10.0625,9.8125],"rotation":0,"texture":"#0","tintindex":0},"south":{"uv":[12.625,7.4375,13.0,7.75],"rotation":0,"texture":"#0","tintindex":0},"north":{"uv":[12.625,7.125,13.0,7.4375],"rotation":0,"texture":"#0","tintindex":0},"west":{"uv":[11.0625,4.8125,11.1875,5.125],"rotation":0,"texture":"#0","tintindex":0},"up":{"uv":[7.75,4.25,7.375,4.125],"rotation":0,"texture":"#0","tintindex":0},"down":{"uv":[13.5625,0.625,13.1875,0.75],"rotation":0,"texture":"#0","tintindex":0}}},{"from":[4.285714,-5.285715,2.8571424],"to":[11.714286,-3.000001,13.142858],"rotation":{"angle":0.0,"axis":"y","origin":[25.142859,-15.57143,8.0]},"faces":{"east":{"uv":[11.375,8.375,12.5,8.625],"rotation":0,"texture":"#0","tintindex":0},"south":{"uv":[11.875,4.5,12.6875,4.75],"rotation":0,"texture":"#0","tintindex":0},"north":{"uv":[11.8125,7.375,12.625,7.625],"rotation":0,"texture":"#0","tintindex":0},"west":{"uv":[11.5625,0.0,12.6875,0.25],"rotation":0,"texture":"#0","tintindex":0},"up":{"uv":[7.625,10.9375,6.8125,9.8125],"rotation":0,"texture":"#0","tintindex":0},"down":{"uv":[8.4375,9.8125,7.625,10.9375],"rotation":0,"texture":"#0","tintindex":0}}}],"textures":{"0":"modelengine:entity/golemtexture"},"display":{"head":{"translation":[0.0,-6.4,0.0],"scale":[4.0,4.0,4.0]}}}