{"elements":[{"from":[5.660901,-2.728199,5.714286],"to":[10.23233,-1.0139132,10.285714],"rotation":{"angle":0.0,"axis":"y","origin":[13.089473,-6.1567707,8.0]},"faces":{"east":{"uv":[12.75,4.75,13.25,4.9375],"rotation":0,"texture":"#0","tintindex":0},"south":{"uv":[12.8125,2.75,13.3125,2.9375],"rotation":0,"texture":"#0","tintindex":0},"north":{"uv":[12.75,2.5625,13.25,2.75],"rotation":0,"texture":"#0","tintindex":0},"west":{"uv":[12.8125,2.9375,13.3125,3.125],"rotation":0,"texture":"#0","tintindex":0},"up":{"uv":[12.375,2.875,11.875,2.375],"rotation":0,"texture":"#0","tintindex":0},"down":{"uv":[4.0,11.875,3.5,12.375],"rotation":0,"texture":"#0","tintindex":0}}},{"from":[4.518044,-1.0139132,4.5714283],"to":[11.375187,6.986087,11.428572],"rotation":{"angle":0.0,"axis":"y","origin":[13.089473,-6.1567707,8.0]},"faces":{"east":{"uv":[4.625,10.5625,5.375,11.4375],"rotation":0,"texture":"#0","tintindex":0},"south":{"uv":[10.75,0.9375,11.5,1.8125],"rotation":0,"texture":"#0","tintindex":0},"north":{"uv":[0.0,10.5625,0.75,11.4375],"rotation":0,"texture":"#0","tintindex":0},"west":{"uv":[10.8125,0.0,11.5625,0.875],"rotation":0,"texture":"#0","tintindex":0},"up":{"uv":[11.625,10.125,10.875,9.375],"rotation":0,"texture":"#0","tintindex":0},"down":{"uv":[11.6875,5.6875,10.9375,6.4375],"rotation":0,"texture":"#0","tintindex":0}}},{"from":[1.0894723,2.9860868,5.714286],"to":[5.660901,6.4146585,10.285714],"rotation":{"angle":-22.5,"axis":"z","origin":[13.089473,-6.1567707,8.0]},"faces":{"east":{"uv":[11.3125,12.125,11.8125,12.5],"rotation":0,"texture":"#0","tintindex":0},"south":{"uv":[12.1875,1.1875,12.6875,1.5625],"rotation":0,"texture":"#0","tintindex":0},"north":{"uv":[9.375,12.125,9.875,12.5],"rotation":0,"texture":"#0","tintindex":0},"west":{"uv":[2.0,12.1875,2.5,12.5625],"rotation":0,"texture":"#0","tintindex":0},"up":{"uv":[5.875,12.375,5.375,11.875],"rotation":0,"texture":"#0","tintindex":0},"down":{"uv":[8.125,11.875,7.625,12.375],"rotation":0,"texture":"#0","tintindex":0}}}],"textures":{"0":"modelengine:entity/golemtexture"},"display":{"head":{"translation":[0.0,-6.4,0.0],"scale":[4.0,4.0,4.0]}}}