{"elements":[{"from":[5.469226,3.5869074,5.5314283],"to":[8.760654,6.878336,8.822857],"rotation":{"angle":-22.5,"axis":"y","origin":[7.1149406,5.2326217,6.3542857]},"faces":{"east":{"uv":[8.9375,12.4375,9.3125,12.8125],"rotation":0,"texture":"#0","tintindex":0},"south":{"uv":[12.4375,12.0,12.8125,12.375],"rotation":0,"texture":"#0","tintindex":0},"north":{"uv":[8.5625,12.4375,8.9375,12.8125],"rotation":0,"texture":"#0","tintindex":0},"west":{"uv":[2.8125,12.5,3.1875,12.875],"rotation":0,"texture":"#0","tintindex":0},"up":{"uv":[4.8125,12.875,4.4375,12.5],"rotation":0,"texture":"#0","tintindex":0},"down":{"uv":[12.875,5.3125,12.5,5.6875],"rotation":0,"texture":"#0","tintindex":0}}},{"from":[6.3542857,6.857143,10.674286],"to":[8.0,8.502857,12.32],"rotation":{"angle":45.0,"axis":"x","origin":[7.1771426,8.822857,11.497143]},"faces":{"east":{"uv":[8.875,13.3125,9.0625,13.5],"rotation":0,"texture":"#0","tintindex":0},"south":{"uv":[9.0625,13.3125,9.25,13.5],"rotation":0,"texture":"#0","tintindex":0},"north":{"uv":[8.6875,13.3125,8.875,13.5],"rotation":0,"texture":"#0","tintindex":0},"west":{"uv":[13.3125,9.1875,13.5,9.375],"rotation":0,"texture":"#0","tintindex":0},"up":{"uv":[9.4375,13.5,9.25,13.3125],"rotation":0,"texture":"#0","tintindex":0},"down":{"uv":[13.5,9.375,13.3125,9.5625],"rotation":0,"texture":"#0","tintindex":0}}},{"from":[4.8914285,3.4742856,8.822857],"to":[7.04,7.5885715,12.937143],"rotation":{"angle":22.5,"axis":"y","origin":[8.0,5.942857,8.617143]},"faces":{"east":{"uv":[11.9375,11.5625,12.375,12.0],"rotation":0,"texture":"#0","tintindex":0},"south":{"uv":[12.6875,0.0,12.9375,0.4375],"rotation":0,"texture":"#0","tintindex":0},"north":{"uv":[0.0,12.6875,0.25,13.125],"rotation":0,"texture":"#0","tintindex":0},"west":{"uv":[12.0,1.625,12.4375,2.0625],"rotation":0,"texture":"#0","tintindex":0},"up":{"uv":[12.9375,0.875,12.6875,0.4375],"rotation":0,"texture":"#0","tintindex":0},"down":{"uv":[12.9375,1.125,12.6875,1.5625],"rotation":0,"texture":"#0","tintindex":0}}},{"from":[6.3542857,2.2399998,8.205714],"to":[8.0,3.885714,9.851429],"rotation":{"angle":-22.5,"axis":"z","origin":[7.1771426,3.0628567,9.028571]},"faces":{"east":{"uv":[7.3125,13.3125,7.5,13.5],"rotation":0,"texture":"#0","tintindex":0},"south":{"uv":[13.3125,7.375,13.5,7.5625],"rotation":0,"texture":"#0","tintindex":0},"north":{"uv":[6.625,13.3125,6.8125,13.5],"rotation":0,"texture":"#0","tintindex":0},"west":{"uv":[13.3125,7.5625,13.5,7.75],"rotation":0,"texture":"#0","tintindex":0},"up":{"uv":[13.5,7.9375,13.3125,7.75],"rotation":0,"texture":"#0","tintindex":0},"down":{"uv":[8.6875,13.3125,8.5,13.5],"rotation":0,"texture":"#0","tintindex":0}}},{"from":[5.7371426,7.1771426,6.3542857],"to":[12.457144,10.468572,9.645715],"rotation":{"angle":22.5,"axis":"z","origin":[8.0,8.0,8.0]},"faces":{"east":{"uv":[12.4375,2.8125,12.8125,3.1875],"rotation":0,"texture":"#0","tintindex":0},"south":{"uv":[11.5625,0.25,12.3125,0.625],"rotation":0,"texture":"#0","tintindex":0},"north":{"uv":[7.625,11.5,8.375,11.875],"rotation":0,"texture":"#0","tintindex":0},"west":{"uv":[5.6875,12.4375,6.0625,12.8125],"rotation":0,"texture":"#0","tintindex":0},"up":{"uv":[12.3125,10.8125,11.5625,10.4375],"rotation":0,"texture":"#0","tintindex":0},"down":{"uv":[11.4375,11.5625,10.6875,11.9375],"rotation":0,"texture":"#0","tintindex":0}}}],"textures":{"0":"modelengine:entity/golemtexture"},"display":{"head":{"translation":[0.0,-6.4,0.0],"scale":[4.0,4.0,4.0]}}}