{"elements":[{"from":[8.207504,6.285714,7.4717674],"to":[10.493219,8.571428,9.757482],"rotation":{"angle":-22.5,"axis":"x","origin":[9.92179,6.857143,8.614625]},"faces":{"east":{"uv":[1.5,13.125,1.75,13.375],"rotation":0,"texture":"#0","tintindex":0},"south":{"uv":[13.125,1.5,13.375,1.75],"rotation":0,"texture":"#0","tintindex":0},"north":{"uv":[1.25,13.125,1.5,13.375],"rotation":0,"texture":"#0","tintindex":0},"west":{"uv":[1.75,13.125,2.0,13.375],"rotation":0,"texture":"#0","tintindex":0},"up":{"uv":[2.25,13.375,2.0,13.125],"rotation":0,"texture":"#0","tintindex":0},"down":{"uv":[2.5,13.125,2.25,13.375],"rotation":0,"texture":"#0","tintindex":0}}},{"from":[8.0,9.857143,7.428571],"to":[9.142858,11.0,9.142858],"rotation":{"angle":-45.0,"axis":"z","origin":[7.428571,10.428572,8.571428]},"faces":{"east":{"uv":[8.8125,8.5,9.0,8.625],"rotation":0,"texture":"#0","tintindex":0},"south":{"uv":[13.375,8.9375,13.5,9.0625],"rotation":0,"texture":"#0","tintindex":0},"north":{"uv":[13.375,8.8125,13.5,8.9375],"rotation":0,"texture":"#0","tintindex":0},"west":{"uv":[9.75,8.375,9.9375,8.5],"rotation":0,"texture":"#0","tintindex":0},"up":{"uv":[11.4375,12.125,11.3125,11.9375],"rotation":0,"texture":"#0","tintindex":0},"down":{"uv":[12.625,8.4375,12.5,8.625],"rotation":0,"texture":"#0","tintindex":0}}},{"from":[8.285714,8.571428,5.142857],"to":[11.142858,11.428572,8.571428],"rotation":{"angle":22.5,"axis":"x","origin":[9.428572,8.428572,8.0]},"faces":{"east":{"uv":[6.3125,12.625,6.6875,12.9375],"rotation":0,"texture":"#0","tintindex":0},"south":{"uv":[2.0,12.8125,2.3125,13.125],"rotation":0,"texture":"#0","tintindex":0},"north":{"uv":[1.6875,12.8125,2.0,13.125],"rotation":0,"texture":"#0","tintindex":0},"west":{"uv":[12.625,6.4375,13.0,6.75],"rotation":0,"texture":"#0","tintindex":0},"up":{"uv":[7.0,13.0,6.6875,12.625],"rotation":0,"texture":"#0","tintindex":0},"down":{"uv":[12.9375,6.75,12.625,7.125],"rotation":0,"texture":"#0","tintindex":0}}},{"from":[10.285714,7.5714283,7.428571],"to":[11.428572,8.714286,8.571428],"rotation":{"angle":22.5,"axis":"y","origin":[11.428572,8.714286,8.571428]},"faces":{"east":{"uv":[13.375,7.0,13.5,7.125],"rotation":0,"texture":"#0","tintindex":0},"south":{"uv":[7.875,13.375,8.0,13.5],"rotation":0,"texture":"#0","tintindex":0},"north":{"uv":[7.0,13.375,7.125,13.5],"rotation":0,"texture":"#0","tintindex":0},"west":{"uv":[8.0,13.375,8.125,13.5],"rotation":0,"texture":"#0","tintindex":0},"up":{"uv":[13.5,8.6875,13.375,8.5625],"rotation":0,"texture":"#0","tintindex":0},"down":{"uv":[13.5,8.6875,13.375,8.8125],"rotation":0,"texture":"#0","tintindex":0}}}],"textures":{"0":"modelengine:entity/golemtexture"},"display":{"head":{"translation":[0.0,-6.4,0.0],"scale":[4.0,4.0,4.0]}}}