{"elements":[{"from":[4.1691904,5.053995,5.8571424],"to":[7.0263333,10.196852,8.714286],"rotation":{"angle":22.5,"axis":"x","origin":[5.597762,8.768281,6.5714283]},"faces":{"east":{"uv":[0.0,12.125,0.3125,12.6875],"rotation":0,"texture":"#0","tintindex":0},"south":{"uv":[5.0,12.125,5.3125,12.6875],"rotation":0,"texture":"#0","tintindex":0},"north":{"uv":[7.375,3.5625,7.6875,4.125],"rotation":0,"texture":"#0","tintindex":0},"west":{"uv":[2.5,12.1875,2.8125,12.75],"rotation":0,"texture":"#0","tintindex":0},"up":{"uv":[11.0,3.875,10.6875,3.5625],"rotation":0,"texture":"#0","tintindex":0},"down":{"uv":[13.0,4.4375,12.6875,4.75],"rotation":0,"texture":"#0","tintindex":0}}},{"from":[7.428571,8.0,9.178572],"to":[9.428572,9.428572,10.607143],"rotation":{"angle":45.0,"axis":"y","origin":[8.714286,8.714286,11.035714]},"faces":{"east":{"uv":[13.3125,2.0625,13.5,2.25],"rotation":0,"texture":"#0","tintindex":0},"south":{"uv":[12.3125,7.625,12.5625,7.8125],"rotation":0,"texture":"#0","tintindex":0},"north":{"uv":[12.25,9.75,12.5,9.9375],"rotation":0,"texture":"#0","tintindex":0},"west":{"uv":[2.5,13.3125,2.6875,13.5],"rotation":0,"texture":"#0","tintindex":0},"up":{"uv":[12.6875,11.25,12.4375,11.0625],"rotation":0,"texture":"#0","tintindex":0},"down":{"uv":[13.4375,1.125,13.1875,1.3125],"rotation":0,"texture":"#0","tintindex":0}}},{"from":[4.0714283,5.285714,8.714286],"to":[7.642857,8.714286,12.285715],"rotation":{"angle":-22.5,"axis":"x","origin":[6.214286,8.0,8.535714]},"faces":{"east":{"uv":[12.375,3.6875,12.75,4.0625],"rotation":0,"texture":"#0","tintindex":0},"south":{"uv":[4.0625,12.375,4.4375,12.75],"rotation":0,"texture":"#0","tintindex":0},"north":{"uv":[3.6875,12.375,4.0625,12.75],"rotation":0,"texture":"#0","tintindex":0},"west":{"uv":[12.375,4.0625,12.75,4.4375],"rotation":0,"texture":"#0","tintindex":0},"up":{"uv":[5.6875,12.75,5.3125,12.375],"rotation":0,"texture":"#0","tintindex":0},"down":{"uv":[7.9375,12.375,7.5625,12.75],"rotation":0,"texture":"#0","tintindex":0}}},{"from":[3.0,7.428571,8.178572],"to":[4.428571,9.428572,9.607143],"rotation":{"angle":-22.5,"axis":"z","origin":[3.7142854,8.714286,8.892858]},"faces":{"east":{"uv":[6.3125,12.0,6.5,12.25],"rotation":0,"texture":"#0","tintindex":0},"south":{"uv":[3.3125,12.125,3.5,12.375],"rotation":0,"texture":"#0","tintindex":0},"north":{"uv":[9.625,0.9375,9.8125,1.1875],"rotation":0,"texture":"#0","tintindex":0},"west":{"uv":[13.1875,12.0,13.375,12.25],"rotation":0,"texture":"#0","tintindex":0},"up":{"uv":[13.5,2.9375,13.3125,2.75],"rotation":0,"texture":"#0","tintindex":0},"down":{"uv":[13.5,2.9375,13.3125,3.125],"rotation":0,"texture":"#0","tintindex":0}}},{"from":[7.285714,6.535714,6.5714283],"to":[10.142858,9.964286,9.428572],"rotation":{"angle":22.5,"axis":"z","origin":[8.0,8.0,8.0]},"faces":{"east":{"uv":[11.5,12.5,11.8125,12.875],"rotation":0,"texture":"#0","tintindex":0},"south":{"uv":[7.125,12.5625,7.4375,12.9375],"rotation":0,"texture":"#0","tintindex":0},"north":{"uv":[0.4375,11.4375,0.75,11.8125],"rotation":0,"texture":"#0","tintindex":0},"west":{"uv":[7.9375,12.5625,8.25,12.9375],"rotation":0,"texture":"#0","tintindex":0},"up":{"uv":[5.3125,13.0,5.0,12.6875],"rotation":0,"texture":"#0","tintindex":0},"down":{"uv":[13.0,5.6875,12.6875,6.0],"rotation":0,"texture":"#0","tintindex":0}}}],"textures":{"0":"modelengine:entity/golemtexture"},"display":{"head":{"translation":[0.0,-6.4,0.0],"scale":[4.0,4.0,4.0]}}}