{"elements":[{"from":[4.6288877,6.8475156,11.3],"to":[5.88603,8.104658,12.557143],"rotation":{"angle":-45.0,"axis":"y","origin":[5.2574587,8.047516,11.928572]},"faces":{"east":{"uv":[4.5,11.3125,4.625,11.4375],"rotation":0,"texture":"#0","tintindex":0},"south":{"uv":[5.875,11.875,6.0,12.0],"rotation":0,"texture":"#0","tintindex":0},"north":{"uv":[6.625,10.8125,6.75,10.9375],"rotation":0,"texture":"#0","tintindex":0},"west":{"uv":[12.4375,1.9375,12.5625,2.0625],"rotation":0,"texture":"#0","tintindex":0},"up":{"uv":[12.5625,3.3125,12.4375,3.1875],"rotation":0,"texture":"#0","tintindex":0},"down":{"uv":[12.625,10.0,12.5,10.125],"rotation":0,"texture":"#0","tintindex":0}}},{"from":[6.2003164,8.047516,9.885715],"to":[9.343174,10.561802,13.028572],"rotation":{"angle":22.5,"axis":"x","origin":[7.4574594,8.676087,9.728572]},"faces":{"east":{"uv":[12.0,3.3125,12.375,3.5625],"rotation":0,"texture":"#0","tintindex":0},"south":{"uv":[5.625,12.8125,6.0,13.0625],"rotation":0,"texture":"#0","tintindex":0},"north":{"uv":[10.75,1.8125,11.125,2.0625],"rotation":0,"texture":"#0","tintindex":0},"west":{"uv":[8.5625,12.8125,8.9375,13.0625],"rotation":0,"texture":"#0","tintindex":0},"up":{"uv":[9.125,3.5,8.75,3.125],"rotation":0,"texture":"#0","tintindex":0},"down":{"uv":[7.125,12.25,6.75,12.625],"rotation":0,"texture":"#0","tintindex":0}}},{"from":[4.000316,6.9475155,8.0],"to":[6.514602,9.461802,10.514286],"rotation":{"angle":22.5,"axis":"z","origin":[5.88603,8.676087,9.257143]},"faces":{"east":{"uv":[13.0625,0.875,13.3125,1.125],"rotation":0,"texture":"#0","tintindex":0},"south":{"uv":[2.5,13.0625,2.75,13.3125],"rotation":0,"texture":"#0","tintindex":0},"north":{"uv":[13.0,10.75,13.25,11.0],"rotation":0,"texture":"#0","tintindex":0},"west":{"uv":[13.0625,3.125,13.3125,3.375],"rotation":0,"texture":"#0","tintindex":0},"up":{"uv":[3.5625,13.3125,3.3125,13.0625],"rotation":0,"texture":"#0","tintindex":0},"down":{"uv":[13.3125,3.375,13.0625,3.625],"rotation":0,"texture":"#0","tintindex":0}}},{"from":[6.742857,6.742857,7.3714285],"to":[9.257143,9.257143,9.885715],"rotation":{"angle":-22.5,"axis":"x","origin":[8.0,8.0,8.0]},"faces":{"east":{"uv":[13.0625,3.625,13.3125,3.875],"rotation":0,"texture":"#0","tintindex":0},"south":{"uv":[3.8125,13.0625,4.0625,13.3125],"rotation":0,"texture":"#0","tintindex":0},"north":{"uv":[3.5625,13.0625,3.8125,13.3125],"rotation":0,"texture":"#0","tintindex":0},"west":{"uv":[13.0625,3.875,13.3125,4.125],"rotation":0,"texture":"#0","tintindex":0},"up":{"uv":[13.3125,4.375,13.0625,4.125],"rotation":0,"texture":"#0","tintindex":0},"down":{"uv":[5.0,13.0625,4.75,13.3125],"rotation":0,"texture":"#0","tintindex":0}}}],"textures":{"0":"modelengine:entity/golemtexture"},"display":{"head":{"translation":[0.0,-6.4,0.0],"scale":[4.0,4.0,4.0]}}}