{"elements":[{"from":[10.74816,7.2446275,12.290001],"to":[12.382446,8.878913,13.924286],"rotation":{"angle":45.0,"axis":"y","origin":[11.565303,8.06177,13.107143]},"faces":{"east":{"uv":[7.1875,2.0625,7.375,2.25],"rotation":0,"texture":"#0","tintindex":0},"south":{"uv":[7.9375,12.375,8.125,12.5625],"rotation":0,"texture":"#0","tintindex":0},"north":{"uv":[7.0,0.9375,7.1875,1.125],"rotation":0,"texture":"#0","tintindex":0},"west":{"uv":[13.1875,13.25,13.375,13.4375],"rotation":0,"texture":"#0","tintindex":0},"up":{"uv":[13.5,1.0625,13.3125,0.875],"rotation":0,"texture":"#0","tintindex":0},"down":{"uv":[13.5,1.875,13.3125,2.0625],"rotation":0,"texture":"#0","tintindex":0}}},{"from":[6.2538743,6.918913,10.451428],"to":[10.339589,10.187485,14.537143],"rotation":{"angle":22.5,"axis":"x","origin":[8.705303,8.878913,10.247143]},"faces":{"east":{"uv":[8.125,12.1875,8.5625,12.5625],"rotation":0,"texture":"#0","tintindex":0},"south":{"uv":[1.375,12.25,1.8125,12.625],"rotation":0,"texture":"#0","tintindex":0},"north":{"uv":[7.125,12.1875,7.5625,12.5625],"rotation":0,"texture":"#0","tintindex":0},"west":{"uv":[6.3125,12.25,6.75,12.625],"rotation":0,"texture":"#0","tintindex":0},"up":{"uv":[10.875,12.375,10.4375,11.9375],"rotation":0,"texture":"#0","tintindex":0},"down":{"uv":[11.3125,11.9375,10.875,12.375],"rotation":0,"texture":"#0","tintindex":0}}},{"from":[9.931017,7.203199,8.0],"to":[13.199589,10.47177,11.268572],"rotation":{"angle":-22.5,"axis":"z","origin":[10.74816,8.878913,9.634286]},"faces":{"east":{"uv":[12.25,9.0,12.625,9.375],"rotation":0,"texture":"#0","tintindex":0},"south":{"uv":[12.25,9.375,12.625,9.75],"rotation":0,"texture":"#0","tintindex":0},"north":{"uv":[12.25,8.625,12.625,9.0],"rotation":0,"texture":"#0","tintindex":0},"west":{"uv":[12.3125,0.25,12.6875,0.625],"rotation":0,"texture":"#0","tintindex":0},"up":{"uv":[12.6875,6.0625,12.3125,5.6875],"rotation":0,"texture":"#0","tintindex":0},"down":{"uv":[12.6875,10.125,12.3125,10.5],"rotation":0,"texture":"#0","tintindex":0}}},{"from":[6.365714,6.365714,6.6114283],"to":[9.634286,9.634286,9.88],"rotation":{"angle":-22.5,"axis":"x","origin":[8.0,8.0,8.0]},"faces":{"east":{"uv":[0.6875,12.375,1.0625,12.75],"rotation":0,"texture":"#0","tintindex":0},"south":{"uv":[12.375,2.0625,12.75,2.4375],"rotation":0,"texture":"#0","tintindex":0},"north":{"uv":[0.3125,12.375,0.6875,12.75],"rotation":0,"texture":"#0","tintindex":0},"west":{"uv":[12.375,2.4375,12.75,2.8125],"rotation":0,"texture":"#0","tintindex":0},"up":{"uv":[3.6875,12.75,3.3125,12.375],"rotation":0,"texture":"#0","tintindex":0},"down":{"uv":[12.75,3.3125,12.375,3.6875],"rotation":0,"texture":"#0","tintindex":0}}}],"textures":{"0":"modelengine:entity/golemtexture"},"display":{"head":{"translation":[0.0,-6.4,0.0],"scale":[4.0,4.0,4.0]}}}