{"elements":[{"from":[5.5789285,6.6457143,6.6115894],"to":[7.3846426,8.451428,8.417304],"rotation":{"angle":22.5,"axis":"x","origin":[6.481786,7.0971427,7.5144467]},"faces":{"east":{"uv":[3.875,13.3125,4.0625,13.5],"rotation":0,"texture":"#0","tintindex":0},"south":{"uv":[13.3125,3.875,13.5,4.0625],"rotation":0,"texture":"#0","tintindex":0},"north":{"uv":[13.3125,3.6875,13.5,3.875],"rotation":0,"texture":"#0","tintindex":0},"west":{"uv":[13.3125,4.0625,13.5,4.25],"rotation":0,"texture":"#0","tintindex":0},"up":{"uv":[13.5,4.4375,13.3125,4.25],"rotation":0,"texture":"#0","tintindex":0},"down":{"uv":[13.5,4.4375,13.3125,4.625],"rotation":0,"texture":"#0","tintindex":0}}},{"from":[8.0,9.467143,7.0971427],"to":[8.902857,10.37,8.0],"rotation":{"angle":45.0,"axis":"z","origin":[8.451428,9.918571,7.5485716]},"faces":{"east":{"uv":[10.0625,13.3125,10.1875,13.4375],"rotation":0,"texture":"#0","tintindex":0},"south":{"uv":[10.1875,13.3125,10.3125,13.4375],"rotation":0,"texture":"#0","tintindex":0},"north":{"uv":[13.25,12.625,13.375,12.75],"rotation":0,"texture":"#0","tintindex":0},"west":{"uv":[10.3125,13.3125,10.4375,13.4375],"rotation":0,"texture":"#0","tintindex":0},"up":{"uv":[10.5625,13.4375,10.4375,13.3125],"rotation":0,"texture":"#0","tintindex":0},"down":{"uv":[10.6875,13.3125,10.5625,13.4375],"rotation":0,"texture":"#0","tintindex":0}}},{"from":[5.517143,8.451428,7.5485716],"to":[7.774286,10.708571,9.354286],"rotation":{"angle":-22.5,"axis":"x","origin":[6.8714285,8.338572,8.0]},"faces":{"east":{"uv":[13.25,4.6875,13.4375,4.9375],"rotation":0,"texture":"#0","tintindex":0},"south":{"uv":[5.25,13.0625,5.5,13.3125],"rotation":0,"texture":"#0","tintindex":0},"north":{"uv":[13.0625,4.9375,13.3125,5.1875],"rotation":0,"texture":"#0","tintindex":0},"west":{"uv":[13.25,5.1875,13.4375,5.4375],"rotation":0,"texture":"#0","tintindex":0},"up":{"uv":[13.4375,1.5,13.1875,1.3125],"rotation":0,"texture":"#0","tintindex":0},"down":{"uv":[13.4375,10.3125,13.1875,10.5],"rotation":0,"texture":"#0","tintindex":0}}},{"from":[3.6971426,8.112857,6.5257144],"to":[4.6,9.015715,7.428571],"rotation":{"angle":22.5,"axis":"y","origin":[5.2914286,8.564285,7.5485716]},"faces":{"east":{"uv":[12.5625,3.1875,12.6875,3.3125],"rotation":0,"texture":"#0","tintindex":0},"south":{"uv":[7.4375,12.5625,7.5625,12.6875],"rotation":0,"texture":"#0","tintindex":0},"north":{"uv":[12.5625,1.9375,12.6875,2.0625],"rotation":0,"texture":"#0","tintindex":0},"west":{"uv":[1.6875,12.625,1.8125,12.75],"rotation":0,"texture":"#0","tintindex":0},"up":{"uv":[4.375,12.875,4.25,12.75],"rotation":0,"texture":"#0","tintindex":0},"down":{"uv":[11.4375,12.75,11.3125,12.875],"rotation":0,"texture":"#0","tintindex":0}}},{"from":[7.5485716,7.0971427,6.7585716],"to":[9.354286,8.902857,8.564285],"rotation":{"angle":-22.5,"axis":"y","origin":[8.0,8.0,8.0]},"faces":{"east":{"uv":[3.3125,13.3125,3.5,13.5],"rotation":0,"texture":"#0","tintindex":0},"south":{"uv":[13.3125,3.3125,13.5,3.5],"rotation":0,"texture":"#0","tintindex":0},"north":{"uv":[13.3125,3.125,13.5,3.3125],"rotation":0,"texture":"#0","tintindex":0},"west":{"uv":[3.5,13.3125,3.6875,13.5],"rotation":0,"texture":"#0","tintindex":0},"up":{"uv":[13.5,3.6875,13.3125,3.5],"rotation":0,"texture":"#0","tintindex":0},"down":{"uv":[3.875,13.3125,3.6875,13.5],"rotation":0,"texture":"#0","tintindex":0}}}],"textures":{"0":"modelengine:entity/golemtexture"},"display":{"head":{"translation":[0.0,-6.4,0.0],"scale":[4.0,4.0,4.0]}}}