{"elements":[{"from":[7.699541,7.0249143,6.2568283],"to":[8.999656,8.325028,7.556943],"rotation":{"angle":-22.5,"axis":"z","origin":[8.349599,7.3499427,6.9068856]},"faces":{"east":{"uv":[10.8125,13.3125,10.9375,13.4375],"rotation":0,"texture":"#0","tintindex":0},"south":{"uv":[10.9375,13.3125,11.0625,13.4375],"rotation":0,"texture":"#0","tintindex":0},"north":{"uv":[10.6875,13.3125,10.8125,13.4375],"rotation":0,"texture":"#0","tintindex":0},"west":{"uv":[13.3125,11.0,13.4375,11.125],"rotation":0,"texture":"#0","tintindex":0},"up":{"uv":[11.1875,13.4375,11.0625,13.3125],"rotation":0,"texture":"#0","tintindex":0},"down":{"uv":[13.4375,11.125,13.3125,11.25],"rotation":0,"texture":"#0","tintindex":0}}},{"from":[8.0,9.056343,8.0],"to":[8.650057,9.7064,8.650057],"rotation":{"angle":45.0,"axis":"x","origin":[8.325028,9.3813715,8.325028]},"faces":{"east":{"uv":[2.6875,4.8125,2.75,4.875],"rotation":0,"texture":"#0","tintindex":0},"south":{"uv":[3.9375,5.3125,4.0,5.375],"rotation":0,"texture":"#0","tintindex":0},"north":{"uv":[2.625,4.8125,2.6875,4.875],"rotation":0,"texture":"#0","tintindex":0},"west":{"uv":[7.3125,1.875,7.375,1.9375],"rotation":0,"texture":"#0","tintindex":0},"up":{"uv":[7.375,2.0,7.3125,1.9375],"rotation":0,"texture":"#0","tintindex":0},"down":{"uv":[7.375,2.0,7.3125,2.0625],"rotation":0,"texture":"#0","tintindex":0}}},{"from":[7.0249143,8.325028,6.2123427],"to":[8.325028,9.950171,7.837486],"rotation":{"angle":22.5,"axis":"z","origin":[8.0,8.243772,7.1874285]},"faces":{"east":{"uv":[4.75,13.3125,4.9375,13.5],"rotation":0,"texture":"#0","tintindex":0},"south":{"uv":[6.5,11.3125,6.625,11.5],"rotation":0,"texture":"#0","tintindex":0},"north":{"uv":[9.625,5.6875,9.75,5.875],"rotation":0,"texture":"#0","tintindex":0},"west":{"uv":[4.9375,13.3125,5.125,13.5],"rotation":0,"texture":"#0","tintindex":0},"up":{"uv":[10.8125,11.5625,10.6875,11.375],"rotation":0,"texture":"#0","tintindex":0},"down":{"uv":[12.0,2.875,11.875,3.0625],"rotation":0,"texture":"#0","tintindex":0}}},{"from":[8.0,8.081257,5.7248],"to":[8.650057,8.731315,6.374857],"rotation":{"angle":22.5,"axis":"y","origin":[8.325028,8.406285,6.0498285]},"faces":{"east":{"uv":[7.6875,4.0625,7.75,4.125],"rotation":0,"texture":"#0","tintindex":0},"south":{"uv":[5.1875,8.0,5.25,8.0625],"rotation":0,"texture":"#0","tintindex":0},"north":{"uv":[7.6875,4.0,7.75,4.0625],"rotation":0,"texture":"#0","tintindex":0},"west":{"uv":[8.9375,3.5,9.0,3.5625],"rotation":0,"texture":"#0","tintindex":0},"up":{"uv":[9.0625,3.5625,9.0,3.5],"rotation":0,"texture":"#0","tintindex":0},"down":{"uv":[9.125,3.5,9.0625,3.5625],"rotation":0,"texture":"#0","tintindex":0}}},{"from":[7.593714,7.3499427,7.6749716],"to":[8.893828,8.650057,8.975086],"rotation":{"angle":-22.5,"axis":"y","origin":[8.0,8.0,8.0]},"faces":{"east":{"uv":[13.3125,11.25,13.4375,11.375],"rotation":0,"texture":"#0","tintindex":0},"south":{"uv":[13.3125,11.375,13.4375,11.5],"rotation":0,"texture":"#0","tintindex":0},"north":{"uv":[11.1875,13.3125,11.3125,13.4375],"rotation":0,"texture":"#0","tintindex":0},"west":{"uv":[13.3125,11.5,13.4375,11.625],"rotation":0,"texture":"#0","tintindex":0},"up":{"uv":[13.4375,11.75,13.3125,11.625],"rotation":0,"texture":"#0","tintindex":0},"down":{"uv":[13.4375,11.75,13.3125,11.875],"rotation":0,"texture":"#0","tintindex":0}}}],"textures":{"0":"modelengine:entity/golemtexture"},"display":{"head":{"translation":[0.0,-6.4,0.0],"scale":[4.0,4.0,4.0]}}}