{"elements":[{"from":[8.778934,6.285714,7.4717674],"to":[11.064648,8.571428,9.757482],"rotation":{"angle":-22.5,"axis":"x","origin":[9.92179,6.857143,8.614625]},"faces":{"east":{"uv":[5.75,13.0625,6.0,13.3125],"rotation":0,"texture":"#0","tintindex":0},"south":{"uv":[6.0,13.0625,6.25,13.3125],"rotation":0,"texture":"#0","tintindex":0},"north":{"uv":[5.5,13.0625,5.75,13.3125],"rotation":0,"texture":"#0","tintindex":0},"west":{"uv":[6.25,13.0625,6.5,13.3125],"rotation":0,"texture":"#0","tintindex":0},"up":{"uv":[7.625,13.3125,7.375,13.0625],"rotation":0,"texture":"#0","tintindex":0},"down":{"uv":[8.8125,13.0625,8.5625,13.3125],"rotation":0,"texture":"#0","tintindex":0}}},{"from":[8.285714,8.571428,6.285714],"to":[11.142858,11.428572,8.571428],"rotation":{"angle":22.5,"axis":"x","origin":[9.428572,8.428572,8.0]},"faces":{"east":{"uv":[8.125,11.875,8.375,12.1875],"rotation":0,"texture":"#0","tintindex":0},"south":{"uv":[12.6875,10.0,13.0,10.3125],"rotation":0,"texture":"#0","tintindex":0},"north":{"uv":[12.6875,7.75,13.0,8.0625],"rotation":0,"texture":"#0","tintindex":0},"west":{"uv":[7.125,12.9375,7.375,13.25],"rotation":0,"texture":"#0","tintindex":0},"up":{"uv":[8.875,12.4375,8.5625,12.1875],"rotation":0,"texture":"#0","tintindex":0},"down":{"uv":[13.3125,4.4375,13.0,4.6875],"rotation":0,"texture":"#0","tintindex":0}}},{"from":[10.857143,7.5714283,8.0],"to":[12.0,8.714286,9.142858],"rotation":{"angle":22.5,"axis":"y","origin":[11.428572,8.714286,8.571428]},"faces":{"east":{"uv":[13.3125,11.875,13.4375,12.0],"rotation":0,"texture":"#0","tintindex":0},"south":{"uv":[11.9375,13.3125,12.0625,13.4375],"rotation":0,"texture":"#0","tintindex":0},"north":{"uv":[11.8125,13.3125,11.9375,13.4375],"rotation":0,"texture":"#0","tintindex":0},"west":{"uv":[12.0625,13.3125,12.1875,13.4375],"rotation":0,"texture":"#0","tintindex":0},"up":{"uv":[12.3125,13.4375,12.1875,13.3125],"rotation":0,"texture":"#0","tintindex":0},"down":{"uv":[12.4375,13.3125,12.3125,13.4375],"rotation":0,"texture":"#0","tintindex":0}}},{"from":[6.285714,8.0,7.285714],"to":[8.571428,10.285714,9.571428],"rotation":{"angle":-22.5,"axis":"y","origin":[8.0,8.0,8.0]},"faces":{"east":{"uv":[9.0625,13.0625,9.3125,13.3125],"rotation":0,"texture":"#0","tintindex":0},"south":{"uv":[9.3125,13.0625,9.5625,13.3125],"rotation":0,"texture":"#0","tintindex":0},"north":{"uv":[8.8125,13.0625,9.0625,13.3125],"rotation":0,"texture":"#0","tintindex":0},"west":{"uv":[9.5625,13.0625,9.8125,13.3125],"rotation":0,"texture":"#0","tintindex":0},"up":{"uv":[10.0625,13.3125,9.8125,13.0625],"rotation":0,"texture":"#0","tintindex":0},"down":{"uv":[10.3125,13.0625,10.0625,13.3125],"rotation":0,"texture":"#0","tintindex":0}}}],"textures":{"0":"modelengine:entity/golemtexture"},"display":{"head":{"translation":[0.0,-6.4,0.0],"scale":[4.0,4.0,4.0]}}}