{"elements":[{"from":[6.8139467,4.9353523,6.285714],"to":[9.099661,7.221067,8.571428],"rotation":{"angle":-22.5,"axis":"y","origin":[7.3853755,6.07821,6.857143]},"faces":{"east":{"uv":[13.0625,11.75,13.3125,12.0],"rotation":0,"texture":"#0","tintindex":0},"south":{"uv":[11.8125,13.0625,12.0625,13.3125],"rotation":0,"texture":"#0","tintindex":0},"north":{"uv":[13.0625,11.5,13.3125,11.75],"rotation":0,"texture":"#0","tintindex":0},"west":{"uv":[12.0625,13.0625,12.3125,13.3125],"rotation":0,"texture":"#0","tintindex":0},"up":{"uv":[12.5625,13.3125,12.3125,13.0625],"rotation":0,"texture":"#0","tintindex":0},"down":{"uv":[12.8125,13.0625,12.5625,13.3125],"rotation":0,"texture":"#0","tintindex":0}}},{"from":[7.428571,5.714286,10.428572],"to":[8.571428,6.857143,11.571428],"rotation":{"angle":45.0,"axis":"x","origin":[7.428571,8.571428,10.428572]},"faces":{"east":{"uv":[13.3125,13.0,13.4375,13.125],"rotation":0,"texture":"#0","tintindex":0},"south":{"uv":[13.3125,13.125,13.4375,13.25],"rotation":0,"texture":"#0","tintindex":0},"north":{"uv":[12.9375,13.3125,13.0625,13.4375],"rotation":0,"texture":"#0","tintindex":0},"west":{"uv":[0.0,13.375,0.125,13.5],"rotation":0,"texture":"#0","tintindex":0},"up":{"uv":[0.25,13.5,0.125,13.375],"rotation":0,"texture":"#0","tintindex":0},"down":{"uv":[1.375,13.375,1.25,13.5],"rotation":0,"texture":"#0","tintindex":0}}},{"from":[7.428571,4.8571424,8.571428],"to":[9.714286,7.714286,11.428572],"rotation":{"angle":22.5,"axis":"y","origin":[8.0,6.5714283,8.428572]},"faces":{"east":{"uv":[12.6875,10.75,13.0,11.0625],"rotation":0,"texture":"#0","tintindex":0},"south":{"uv":[5.0,13.0,5.25,13.3125],"rotation":0,"texture":"#0","tintindex":0},"north":{"uv":[8.3125,12.9375,8.5625,13.25],"rotation":0,"texture":"#0","tintindex":0},"west":{"uv":[0.25,12.75,0.5625,13.0625],"rotation":0,"texture":"#0","tintindex":0},"up":{"uv":[13.25,5.9375,13.0,5.625],"rotation":0,"texture":"#0","tintindex":0},"down":{"uv":[13.25,6.375,13.0,6.6875],"rotation":0,"texture":"#0","tintindex":0}}},{"from":[6.857143,4.0,8.142858],"to":[8.0,5.142857,9.285714],"rotation":{"angle":-22.5,"axis":"z","origin":[7.428571,4.5714283,8.714286]},"faces":{"east":{"uv":[12.5625,13.3125,12.6875,13.4375],"rotation":0,"texture":"#0","tintindex":0},"south":{"uv":[12.6875,13.3125,12.8125,13.4375],"rotation":0,"texture":"#0","tintindex":0},"north":{"uv":[12.4375,13.3125,12.5625,13.4375],"rotation":0,"texture":"#0","tintindex":0},"west":{"uv":[13.3125,12.75,13.4375,12.875],"rotation":0,"texture":"#0","tintindex":0},"up":{"uv":[12.9375,13.4375,12.8125,13.3125],"rotation":0,"texture":"#0","tintindex":0},"down":{"uv":[13.4375,12.875,13.3125,13.0],"rotation":0,"texture":"#0","tintindex":0}}},{"from":[6.428571,7.428571,6.857143],"to":[8.714286,9.714286,9.142858],"rotation":{"angle":22.5,"axis":"z","origin":[8.0,8.0,8.0]},"faces":{"east":{"uv":[10.5625,13.0625,10.8125,13.3125],"rotation":0,"texture":"#0","tintindex":0},"south":{"uv":[10.8125,13.0625,11.0625,13.3125],"rotation":0,"texture":"#0","tintindex":0},"north":{"uv":[10.3125,13.0625,10.5625,13.3125],"rotation":0,"texture":"#0","tintindex":0},"west":{"uv":[13.0625,11.0,13.3125,11.25],"rotation":0,"texture":"#0","tintindex":0},"up":{"uv":[11.3125,13.3125,11.0625,13.0625],"rotation":0,"texture":"#0","tintindex":0},"down":{"uv":[13.3125,11.25,13.0625,11.5],"rotation":0,"texture":"#0","tintindex":0}}}],"textures":{"0":"modelengine:entity/golemtexture"},"display":{"head":{"translation":[0.0,-6.4,0.0],"scale":[4.0,4.0,4.0]}}}