{"elements":[{"from":[4.3926034,5.982114,5.931268],"to":[7.0831175,8.672628,8.621782],"rotation":{"angle":22.5,"axis":"x","origin":[5.7378607,6.6547427,7.2765255]},"faces":{"east":{"uv":[12.75,1.9375,13.0625,2.25],"rotation":0,"texture":"#0","tintindex":0},"south":{"uv":[12.75,2.25,13.0625,2.5625],"rotation":0,"texture":"#0","tintindex":0},"north":{"uv":[0.5625,12.75,0.875,13.0625],"rotation":0,"texture":"#0","tintindex":0},"west":{"uv":[2.5,12.75,2.8125,13.0625],"rotation":0,"texture":"#0","tintindex":0},"up":{"uv":[13.0625,3.5,12.75,3.1875],"rotation":0,"texture":"#0","tintindex":0},"down":{"uv":[3.625,12.75,3.3125,13.0625],"rotation":0,"texture":"#0","tintindex":0}}},{"from":[8.0,10.186043,6.6547427],"to":[9.345257,11.531301,8.0],"rotation":{"angle":45.0,"axis":"z","origin":[8.672628,10.858671,7.3273716]},"faces":{"east":{"uv":[1.5,13.375,1.625,13.5],"rotation":0,"texture":"#0","tintindex":0},"south":{"uv":[13.375,1.5,13.5,1.625],"rotation":0,"texture":"#0","tintindex":0},"north":{"uv":[1.375,13.375,1.5,13.5],"rotation":0,"texture":"#0","tintindex":0},"west":{"uv":[1.625,13.375,1.75,13.5],"rotation":0,"texture":"#0","tintindex":0},"up":{"uv":[13.5,1.75,13.375,1.625],"rotation":0,"texture":"#0","tintindex":0},"down":{"uv":[1.875,13.375,1.75,13.5],"rotation":0,"texture":"#0","tintindex":0}}},{"from":[4.300543,8.672628,7.3273716],"to":[7.663686,12.035772,10.017886],"rotation":{"angle":-22.5,"axis":"x","origin":[6.3184285,8.504472,8.0]},"faces":{"east":{"uv":[8.25,12.5625,8.5625,12.9375],"rotation":0,"texture":"#0","tintindex":0},"south":{"uv":[10.25,12.375,10.625,12.75],"rotation":0,"texture":"#0","tintindex":0},"north":{"uv":[9.875,12.375,10.25,12.75],"rotation":0,"texture":"#0","tintindex":0},"west":{"uv":[12.5625,12.375,12.875,12.75],"rotation":0,"texture":"#0","tintindex":0},"up":{"uv":[12.375,2.375,12.0,2.0625],"rotation":0,"texture":"#0","tintindex":0},"down":{"uv":[1.6875,12.625,1.3125,12.9375],"rotation":0,"texture":"#0","tintindex":0}}},{"from":[2.7315998,7.5967283,6.9461713],"to":[4.076857,8.941986,8.291429],"rotation":{"angle":22.5,"axis":"y","origin":[3.9642282,8.840786,7.3273716]},"faces":{"east":{"uv":[2.0,13.375,2.125,13.5],"rotation":0,"texture":"#0","tintindex":0},"south":{"uv":[2.125,13.375,2.25,13.5],"rotation":0,"texture":"#0","tintindex":0},"north":{"uv":[1.875,13.375,2.0,13.5],"rotation":0,"texture":"#0","tintindex":0},"west":{"uv":[2.25,13.375,2.375,13.5],"rotation":0,"texture":"#0","tintindex":0},"up":{"uv":[2.5,13.5,2.375,13.375],"rotation":0,"texture":"#0","tintindex":0},"down":{"uv":[2.8125,13.375,2.6875,13.5],"rotation":0,"texture":"#0","tintindex":0}}},{"from":[6.755943,6.6547427,6.1502714],"to":[9.446457,9.345257,8.840786],"rotation":{"angle":-22.5,"axis":"y","origin":[8.0,8.0,8.0]},"faces":{"east":{"uv":[3.625,12.75,3.9375,13.0625],"rotation":0,"texture":"#0","tintindex":0},"south":{"uv":[12.75,3.8125,13.0625,4.125],"rotation":0,"texture":"#0","tintindex":0},"north":{"uv":[12.75,3.5,13.0625,3.8125],"rotation":0,"texture":"#0","tintindex":0},"west":{"uv":[3.9375,12.75,4.25,13.0625],"rotation":0,"texture":"#0","tintindex":0},"up":{"uv":[13.0625,4.4375,12.75,4.125],"rotation":0,"texture":"#0","tintindex":0},"down":{"uv":[5.625,12.75,5.3125,13.0625],"rotation":0,"texture":"#0","tintindex":0}}}],"textures":{"0":"modelengine:entity/golemtexture"},"display":{"head":{"translation":[0.0,-6.4,0.0],"scale":[4.0,4.0,4.0]}}}