{"elements":[{"from":[8.981456,5.84,7.334427],"to":[11.861456,8.72,10.214427],"rotation":{"angle":-22.5,"axis":"x","origin":[10.421455,6.56,8.774427]},"faces":{"east":{"uv":[12.75,11.375,13.0625,11.6875],"rotation":0,"texture":"#0","tintindex":0},"south":{"uv":[12.75,11.6875,13.0625,12.0],"rotation":0,"texture":"#0","tintindex":0},"north":{"uv":[12.75,11.0625,13.0625,11.375],"rotation":0,"texture":"#0","tintindex":0},"west":{"uv":[11.8125,12.75,12.125,13.0625],"rotation":0,"texture":"#0","tintindex":0},"up":{"uv":[12.4375,13.0625,12.125,12.75],"rotation":0,"texture":"#0","tintindex":0},"down":{"uv":[12.75,12.75,12.4375,13.0625],"rotation":0,"texture":"#0","tintindex":0}}},{"from":[7.702857,9.768572,8.0],"to":[9.142858,11.208571,9.440001],"rotation":{"angle":-45.0,"axis":"z","origin":[7.2799997,11.06,8.72]},"faces":{"east":{"uv":[5.5,13.3125,5.6875,13.5],"rotation":0,"texture":"#0","tintindex":0},"south":{"uv":[5.6875,13.3125,5.875,13.5],"rotation":0,"texture":"#0","tintindex":0},"north":{"uv":[5.3125,13.3125,5.5,13.5],"rotation":0,"texture":"#0","tintindex":0},"west":{"uv":[5.875,13.3125,6.0625,13.5],"rotation":0,"texture":"#0","tintindex":0},"up":{"uv":[6.25,13.5,6.0625,13.3125],"rotation":0,"texture":"#0","tintindex":0},"down":{"uv":[6.4375,13.3125,6.25,13.5],"rotation":0,"texture":"#0","tintindex":0}}},{"from":[8.36,8.148571,5.268571],"to":[11.96,11.748571,8.72],"rotation":{"angle":22.5,"axis":"x","origin":[9.8,8.54,8.0]},"faces":{"east":{"uv":[12.375,11.25,12.75,11.625],"rotation":0,"texture":"#0","tintindex":0},"south":{"uv":[12.375,11.625,12.75,12.0],"rotation":0,"texture":"#0","tintindex":0},"north":{"uv":[10.625,12.375,11.0,12.75],"rotation":0,"texture":"#0","tintindex":0},"west":{"uv":[11.8125,12.375,12.1875,12.75],"rotation":0,"texture":"#0","tintindex":0},"up":{"uv":[12.5625,12.75,12.1875,12.375],"rotation":0,"texture":"#0","tintindex":0},"down":{"uv":[12.8125,1.5625,12.4375,1.9375],"rotation":0,"texture":"#0","tintindex":0}}},{"from":[11.6,7.6085715,7.428571],"to":[13.04,9.048572,9.440001],"rotation":{"angle":22.5,"axis":"y","origin":[12.32,8.9,8.72]},"faces":{"east":{"uv":[13.25,2.5625,13.5,2.75],"rotation":0,"texture":"#0","tintindex":0},"south":{"uv":[5.125,13.3125,5.3125,13.5],"rotation":0,"texture":"#0","tintindex":0},"north":{"uv":[13.3125,4.9375,13.5,5.125],"rotation":0,"texture":"#0","tintindex":0},"west":{"uv":[13.25,5.625,13.5,5.8125],"rotation":0,"texture":"#0","tintindex":0},"up":{"uv":[13.4375,6.0625,13.25,5.8125],"rotation":0,"texture":"#0","tintindex":0},"down":{"uv":[13.4375,6.375,13.25,6.625],"rotation":0,"texture":"#0","tintindex":0}}},{"from":[5.84,6.56,7.1],"to":[8.72,9.440001,9.98],"rotation":{"angle":-22.5,"axis":"y","origin":[8.0,8.0,8.0]},"faces":{"east":{"uv":[9.75,12.75,10.0625,13.0625],"rotation":0,"texture":"#0","tintindex":0},"south":{"uv":[10.0625,12.75,10.375,13.0625],"rotation":0,"texture":"#0","tintindex":0},"north":{"uv":[7.4375,12.75,7.75,13.0625],"rotation":0,"texture":"#0","tintindex":0},"west":{"uv":[10.375,12.75,10.6875,13.0625],"rotation":0,"texture":"#0","tintindex":0},"up":{"uv":[11.0,13.0625,10.6875,12.75],"rotation":0,"texture":"#0","tintindex":0},"down":{"uv":[11.3125,12.75,11.0,13.0625],"rotation":0,"texture":"#0","tintindex":0}}}],"textures":{"0":"modelengine:entity/golemtexture"},"display":{"head":{"translation":[0.0,-6.4,0.0],"scale":[4.0,4.0,4.0]}}}