{"elements":[{"from":[4.363924,6.285714,6.2425184],"to":[6.649638,8.571428,7.956804],"rotation":{"angle":22.5,"axis":"x","origin":[6.07821,6.857143,7.3853755]},"faces":{"east":{"uv":[7.125,13.25,7.3125,13.5],"rotation":0,"texture":"#0","tintindex":0},"south":{"uv":[0.0,13.125,0.25,13.375],"rotation":0,"texture":"#0","tintindex":0},"north":{"uv":[13.0625,13.0,13.3125,13.25],"rotation":0,"texture":"#0","tintindex":0},"west":{"uv":[13.25,7.125,13.4375,7.375],"rotation":0,"texture":"#0","tintindex":0},"up":{"uv":[13.5,6.25,13.25,6.0625],"rotation":0,"texture":"#0","tintindex":0},"down":{"uv":[13.5,8.0625,13.25,8.25],"rotation":0,"texture":"#0","tintindex":0}}},{"from":[8.0,9.857143,6.857143],"to":[9.142858,11.0,8.0],"rotation":{"angle":45.0,"axis":"z","origin":[8.571428,10.428572,7.428571]},"faces":{"east":{"uv":[3.125,13.375,3.25,13.5],"rotation":0,"texture":"#0","tintindex":0},"south":{"uv":[4.1875,13.375,4.3125,13.5],"rotation":0,"texture":"#0","tintindex":0},"north":{"uv":[2.8125,13.375,2.9375,13.5],"rotation":0,"texture":"#0","tintindex":0},"west":{"uv":[4.3125,13.375,4.4375,13.5],"rotation":0,"texture":"#0","tintindex":0},"up":{"uv":[13.5,6.875,13.375,6.75],"rotation":0,"texture":"#0","tintindex":0},"down":{"uv":[13.5,6.875,13.375,7.0],"rotation":0,"texture":"#0","tintindex":0}}},{"from":[4.8571424,8.0,7.428571],"to":[7.714286,10.857143,9.714286],"rotation":{"angle":-22.5,"axis":"x","origin":[6.5714283,8.428572,8.0]},"faces":{"east":{"uv":[6.6875,13.0,6.9375,13.3125],"rotation":0,"texture":"#0","tintindex":0},"south":{"uv":[12.8125,1.5625,13.125,1.875],"rotation":0,"texture":"#0","tintindex":0},"north":{"uv":[12.75,12.75,13.0625,13.0625],"rotation":0,"texture":"#0","tintindex":0},"west":{"uv":[13.0,7.125,13.25,7.4375],"rotation":0,"texture":"#0","tintindex":0},"up":{"uv":[13.3125,7.6875,13.0,7.4375],"rotation":0,"texture":"#0","tintindex":0},"down":{"uv":[13.3125,7.6875,13.0,7.9375],"rotation":0,"texture":"#0","tintindex":0}}},{"from":[6.857143,6.857143,6.428571],"to":[9.142858,9.142858,11.0],"rotation":{"angle":-22.5,"axis":"y","origin":[8.0,8.0,8.0]},"faces":{"east":{"uv":[1.8125,12.5625,2.3125,12.8125],"rotation":0,"texture":"#0","tintindex":0},"south":{"uv":[12.8125,13.0625,13.0625,13.3125],"rotation":0,"texture":"#0","tintindex":0},"north":{"uv":[13.0625,12.75,13.3125,13.0],"rotation":0,"texture":"#0","tintindex":0},"west":{"uv":[12.5625,5.0,13.0625,5.25],"rotation":0,"texture":"#0","tintindex":0},"up":{"uv":[1.3125,12.875,1.0625,12.375],"rotation":0,"texture":"#0","tintindex":0},"down":{"uv":[6.3125,12.4375,6.0625,12.9375],"rotation":0,"texture":"#0","tintindex":0}}}],"textures":{"0":"modelengine:entity/golemtexture"},"display":{"head":{"translation":[0.0,-6.4,0.0],"scale":[4.0,4.0,4.0]}}}