{"elements":[{"from":[8.857143,-1.7142859,3.4285712],"to":[16.285715,1.1428566,12.571428],"rotation":{"angle":0.0,"axis":"y","origin":[29.714287,-23.428574,8.0]},"faces":{"east":{"uv":[11.375,8.0625,12.375,8.375],"rotation":0,"texture":"#0","tintindex":0},"south":{"uv":[11.8125,7.0625,12.625,7.375],"rotation":0,"texture":"#0","tintindex":0},"north":{"uv":[11.8125,6.75,12.625,7.0625],"rotation":0,"texture":"#0","tintindex":0},"west":{"uv":[11.5,0.875,12.5,1.1875],"rotation":0,"texture":"#0","tintindex":0},"up":{"uv":[3.875,11.375,3.0625,10.375],"rotation":0,"texture":"#0","tintindex":0},"down":{"uv":[2.25,10.4375,1.4375,11.4375],"rotation":0,"texture":"#0","tintindex":0}}},{"from":[8.285714,1.1428566,2.2857141],"to":[16.857143,13.142858,13.714286],"rotation":{"angle":0.0,"axis":"y","origin":[-4.5714293,-23.428574,8.0]},"faces":{"east":{"uv":[5.25,6.75,6.5,8.0625],"rotation":0,"texture":"#0","tintindex":0},"south":{"uv":[2.125,9.125,3.0625,10.4375],"rotation":0,"texture":"#0","tintindex":0},"north":{"uv":[9.0,8.5,9.9375,9.8125],"rotation":0,"texture":"#0","tintindex":0},"west":{"uv":[6.5,6.875,7.75,8.1875],"rotation":0,"texture":"#0","tintindex":0},"up":{"uv":[4.9375,10.4375,4.0,9.1875],"rotation":0,"texture":"#0","tintindex":0},"down":{"uv":[5.875,9.3125,4.9375,10.5625],"rotation":0,"texture":"#0","tintindex":0}}},{"from":[11.714286,1.1428566,1.1428566],"to":[15.714286,5.142857,2.2857141],"rotation":{"angle":0.0,"axis":"y","origin":[-4.5714293,-23.428574,8.0]},"faces":{"east":{"uv":[13.1875,1.875,13.3125,2.3125],"rotation":0,"texture":"#0","tintindex":0},"south":{"uv":[5.875,12.0,6.3125,12.4375],"rotation":0,"texture":"#0","tintindex":0},"north":{"uv":[12.0,2.875,12.4375,3.3125],"rotation":0,"texture":"#0","tintindex":0},"west":{"uv":[1.0,13.25,1.125,13.6875],"rotation":0,"texture":"#0","tintindex":0},"up":{"uv":[13.625,0.5,13.1875,0.375],"rotation":0,"texture":"#0","tintindex":0},"down":{"uv":[13.625,0.5,13.1875,0.625],"rotation":0,"texture":"#0","tintindex":0}}},{"from":[8.857143,5.714286,13.714286],"to":[13.428572,12.0,14.285715],"rotation":{"angle":0.0,"axis":"y","origin":[-4.5714293,-23.428574,8.0]},"faces":{"east":{"uv":[7.3125,1.1875,7.375,1.875],"rotation":0,"texture":"#0","tintindex":0},"south":{"uv":[6.0,11.3125,6.5,12.0],"rotation":0,"texture":"#0","tintindex":0},"north":{"uv":[5.375,10.5625,5.875,11.25],"rotation":0,"texture":"#0","tintindex":0},"west":{"uv":[2.0625,9.375,2.125,10.0625],"rotation":0,"texture":"#0","tintindex":0},"up":{"uv":[5.0,8.0625,4.5,8.0],"rotation":0,"texture":"#0","tintindex":0},"down":{"uv":[7.375,8.5625,6.875,8.625],"rotation":0,"texture":"#0","tintindex":0}}},{"from":[12.285715,2.8571424,13.714286],"to":[14.571428,5.142857,14.857143],"rotation":{"angle":0.0,"axis":"y","origin":[-4.5714293,-23.428574,8.0]},"faces":{"east":{"uv":[11.75,4.0,11.875,4.25],"rotation":0,"texture":"#0","tintindex":0},"south":{"uv":[4.1875,13.125,4.4375,13.375],"rotation":0,"texture":"#0","tintindex":0},"north":{"uv":[2.75,13.125,3.0,13.375],"rotation":0,"texture":"#0","tintindex":0},"west":{"uv":[0.3125,12.125,0.4375,12.375],"rotation":0,"texture":"#0","tintindex":0},"up":{"uv":[4.875,10.5625,4.625,10.4375],"rotation":0,"texture":"#0","tintindex":0},"down":{"uv":[8.625,11.5,8.375,11.625],"rotation":0,"texture":"#0","tintindex":0}}}],"textures":{"0":"modelengine:entity/golemtexture"},"display":{"head":{"translation":[0.0,-6.4,0.0],"scale":[4.0,4.0,4.0]}}}