{"elements":[{"from":[3.142857,-2.7142859,1.7142854],"to":[12.857143,8.142858,14.285715],"rotation":{"angle":0.0,"axis":"y","origin":[-9.1428585,-15.285715,8.0]},"faces":{"east":{"uv":[7.375,2.375,8.75,3.5625],"rotation":0,"texture":"#0","tintindex":0},"south":{"uv":[8.75,1.1875,9.8125,2.375],"rotation":0,"texture":"#0","tintindex":0},"north":{"uv":[7.9375,8.625,9.0,9.8125],"rotation":0,"texture":"#0","tintindex":0},"west":{"uv":[7.75,3.5625,9.125,4.75],"rotation":0,"texture":"#0","tintindex":0},"up":{"uv":[1.0625,9.375,0.0,8.0],"rotation":0,"texture":"#0","tintindex":0},"down":{"uv":[2.125,8.0,1.0625,9.375],"rotation":0,"texture":"#0","tintindex":0}}},{"from":[3.142857,3.0,14.285715],"to":[11.142858,8.142858,16.0],"rotation":{"angle":0.0,"axis":"y","origin":[-9.1428585,-15.285715,8.0]},"faces":{"east":{"uv":[4.8125,12.5,5.0,13.0625],"rotation":0,"texture":"#0","tintindex":0},"south":{"uv":[11.125,1.8125,12.0,2.375],"rotation":0,"texture":"#0","tintindex":0},"north":{"uv":[11.0,4.25,11.875,4.8125],"rotation":0,"texture":"#0","tintindex":0},"west":{"uv":[2.3125,12.5625,2.5,13.125],"rotation":0,"texture":"#0","tintindex":0},"up":{"uv":[12.4375,11.25,11.5625,11.0625],"rotation":0,"texture":"#0","tintindex":0},"down":{"uv":[12.5,9.9375,11.625,10.125],"rotation":0,"texture":"#0","tintindex":0}}},{"from":[6.0,-1.5714293,14.285715],"to":[8.285714,1.8571424,16.57143],"rotation":{"angle":0.0,"axis":"y","origin":[-9.1428585,-15.285715,8.0]},"faces":{"east":{"uv":[12.9375,0.0,13.1875,0.375],"rotation":0,"texture":"#0","tintindex":0},"south":{"uv":[12.9375,0.375,13.1875,0.75],"rotation":0,"texture":"#0","tintindex":0},"north":{"uv":[1.0,12.875,1.25,13.25],"rotation":0,"texture":"#0","tintindex":0},"west":{"uv":[12.9375,1.125,13.1875,1.5],"rotation":0,"texture":"#0","tintindex":0},"up":{"uv":[8.125,13.375,7.875,13.125],"rotation":0,"texture":"#0","tintindex":0},"down":{"uv":[13.375,8.5625,13.125,8.8125],"rotation":0,"texture":"#0","tintindex":0}}},{"from":[2.5714283,3.0,4.0],"to":[3.142857,7.0,10.285714],"rotation":{"angle":0.0,"axis":"y","origin":[-9.1428585,-15.285715,8.0]},"faces":{"east":{"uv":[11.5,1.1875,12.1875,1.625],"rotation":0,"texture":"#0","tintindex":0},"south":{"uv":[7.6875,3.5625,7.75,4.0],"rotation":0,"texture":"#0","tintindex":0},"north":{"uv":[3.9375,4.875,4.0,5.3125],"rotation":0,"texture":"#0","tintindex":0},"west":{"uv":[6.5,11.5,7.1875,11.9375],"rotation":0,"texture":"#0","tintindex":0},"up":{"uv":[3.0625,11.125,3.0,10.4375],"rotation":0,"texture":"#0","tintindex":0},"down":{"uv":[7.0,13.0,6.9375,13.6875],"rotation":0,"texture":"#0","tintindex":0}}},{"from":[2.5714283,-1.0,7.428571],"to":[3.142857,1.2857141,10.285714],"rotation":{"angle":0.0,"axis":"y","origin":[-9.1428585,-15.285715,8.0]},"faces":{"east":{"uv":[13.0,9.6875,13.3125,9.9375],"rotation":0,"texture":"#0","tintindex":0},"south":{"uv":[1.3125,12.375,1.375,12.625],"rotation":0,"texture":"#0","tintindex":0},"north":{"uv":[5.3125,12.125,5.375,12.375],"rotation":0,"texture":"#0","tintindex":0},"west":{"uv":[13.0,9.9375,13.3125,10.1875],"rotation":0,"texture":"#0","tintindex":0},"up":{"uv":[10.3125,2.375,10.25,2.0625],"rotation":0,"texture":"#0","tintindex":0},"down":{"uv":[2.25,11.4375,2.1875,11.75],"rotation":0,"texture":"#0","tintindex":0}}},{"from":[4.285714,-5.000001,2.8571424],"to":[11.714286,-2.7142859,13.142858],"rotation":{"angle":0.0,"axis":"y","origin":[25.142859,-15.285715,8.0]},"faces":{"east":{"uv":[11.5625,0.625,12.6875,0.875],"rotation":0,"texture":"#0","tintindex":0},"south":{"uv":[11.9375,4.75,12.75,5.0],"rotation":0,"texture":"#0","tintindex":0},"north":{"uv":[2.0,11.9375,2.8125,12.1875],"rotation":0,"texture":"#0","tintindex":0},"west":{"uv":[11.5625,10.8125,12.6875,11.0625],"rotation":0,"texture":"#0","tintindex":0},"up":{"uv":[9.25,10.9375,8.4375,9.8125],"rotation":0,"texture":"#0","tintindex":0},"down":{"uv":[10.0625,9.8125,9.25,10.9375],"rotation":0,"texture":"#0","tintindex":0}}}],"textures":{"0":"modelengine:entity/golemtexture"},"display":{"head":{"translation":[0.0,-6.4,0.0],"scale":[4.0,4.0,4.0]}}}