{"elements":[{"from":[10.39334,2.845842,5.714286],"to":[14.964768,6.274413,10.285714],"rotation":{"angle":22.5,"axis":"z","origin":[2.964768,-6.297016,8.0]},"faces":{"east":{"uv":[8.875,12.0625,9.375,12.4375],"rotation":0,"texture":"#0","tintindex":0},"south":{"uv":[2.8125,12.125,3.3125,12.5],"rotation":0,"texture":"#0","tintindex":0},"north":{"uv":[11.9375,12.0,12.4375,12.375],"rotation":0,"texture":"#0","tintindex":0},"west":{"uv":[4.5,12.125,5.0,12.5],"rotation":0,"texture":"#0","tintindex":0},"up":{"uv":[4.5,12.375,4.0,11.875],"rotation":0,"texture":"#0","tintindex":0},"down":{"uv":[12.375,4.0,11.875,4.5],"rotation":0,"texture":"#0","tintindex":0}}},{"from":[4.679054,-1.1541586,4.5714283],"to":[11.536197,6.845842,11.428572],"rotation":{"angle":0.0,"axis":"y","origin":[2.964768,-6.297016,8.0]},"faces":{"east":{"uv":[3.875,10.4375,4.625,11.3125],"rotation":0,"texture":"#0","tintindex":0},"south":{"uv":[5.875,10.4375,6.625,11.3125],"rotation":0,"texture":"#0","tintindex":0},"north":{"uv":[2.25,10.4375,3.0,11.3125],"rotation":0,"texture":"#0","tintindex":0},"west":{"uv":[10.0625,10.5,10.8125,11.375],"rotation":0,"texture":"#0","tintindex":0},"up":{"uv":[11.5625,11.25,10.8125,10.5],"rotation":0,"texture":"#0","tintindex":0},"down":{"uv":[11.625,8.625,10.875,9.375],"rotation":0,"texture":"#0","tintindex":0}}},{"from":[5.821911,3.4172707,11.428572],"to":[9.250483,5.702985,12.571428],"rotation":{"angle":0.0,"axis":"y","origin":[2.964768,-6.297016,8.0]},"faces":{"east":{"uv":[9.75,12.5,9.875,12.75],"rotation":0,"texture":"#0","tintindex":0},"south":{"uv":[12.875,12.5,13.25,12.75],"rotation":0,"texture":"#0","tintindex":0},"north":{"uv":[12.875,12.25,13.25,12.5],"rotation":0,"texture":"#0","tintindex":0},"west":{"uv":[6.8125,13.3125,6.9375,13.5625],"rotation":0,"texture":"#0","tintindex":0},"up":{"uv":[13.625,11.0,13.25,10.875],"rotation":0,"texture":"#0","tintindex":0},"down":{"uv":[13.625,12.25,13.25,12.375],"rotation":0,"texture":"#0","tintindex":0}}},{"from":[6.9647684,-0.011301041,4.0],"to":[10.964768,6.274413,4.5714283],"rotation":{"angle":0.0,"axis":"y","origin":[2.964768,-6.297016,8.0]},"faces":{"east":{"uv":[2.75,3.875,2.8125,4.5625],"rotation":0,"texture":"#0","tintindex":0},"south":{"uv":[4.5,11.4375,4.9375,12.125],"rotation":0,"texture":"#0","tintindex":0},"north":{"uv":[0.0,11.4375,0.4375,12.125],"rotation":0,"texture":"#0","tintindex":0},"west":{"uv":[7.125,0.0,7.1875,0.6875],"rotation":0,"texture":"#0","tintindex":0},"up":{"uv":[4.4375,9.1875,4.0,9.125],"rotation":0,"texture":"#0","tintindex":0},"down":{"uv":[10.5,4.75,10.0625,4.8125],"rotation":0,"texture":"#0","tintindex":0}}},{"from":[5.821911,-2.8684444,5.714286],"to":[10.39334,-1.1541586,10.285714],"rotation":{"angle":0.0,"axis":"y","origin":[2.964768,-6.297016,8.0]},"faces":{"east":{"uv":[11.5,1.625,12.0,1.8125],"rotation":0,"texture":"#0","tintindex":0},"south":{"uv":[11.8125,7.625,12.3125,7.8125],"rotation":0,"texture":"#0","tintindex":0},"north":{"uv":[9.125,5.6875,9.625,5.875],"rotation":0,"texture":"#0","tintindex":0},"west":{"uv":[12.6875,10.3125,13.1875,10.5],"rotation":0,"texture":"#0","tintindex":0},"up":{"uv":[10.0,12.125,9.5,11.625],"rotation":0,"texture":"#0","tintindex":0},"down":{"uv":[0.9375,11.875,0.4375,12.375],"rotation":0,"texture":"#0","tintindex":0}}}],"textures":{"0":"modelengine:entity/golemtexture"},"display":{"head":{"translation":[0.0,-6.4,0.0],"scale":[4.0,4.0,4.0]}}}