{"elements":[{"from":[1.9999995,-3.4285717,0.5714283],"to":[14.0,8.0,15.428572],"rotation":{"angle":0.0,"axis":"y","origin":[-9.1428585,-3.4285717,8.0]},"faces":{"east":{"uv":[3.25,5.5,4.875,6.75],"rotation":0,"texture":"#0","tintindex":0},"south":{"uv":[3.9375,6.75,5.25,8.0],"rotation":0,"texture":"#0","tintindex":0},"north":{"uv":[2.625,6.75,3.9375,8.0],"rotation":0,"texture":"#0","tintindex":0},"west":{"uv":[4.875,5.5,6.5,6.75],"rotation":0,"texture":"#0","tintindex":0},"up":{"uv":[5.3125,2.75,4.0,1.125],"rotation":0,"texture":"#0","tintindex":0},"down":{"uv":[5.3125,2.75,4.0,4.375],"rotation":0,"texture":"#0","tintindex":0}}},{"from":[3.142857,-1.1428576,-0.57142925],"to":[6.5714283,1.7142854,0.5714283],"rotation":{"angle":0.0,"axis":"y","origin":[-9.1428585,-3.4285717,8.0]},"faces":{"east":{"uv":[8.375,13.25,8.5,13.5625],"rotation":0,"texture":"#0","tintindex":0},"south":{"uv":[12.625,9.375,13.0,9.6875],"rotation":0,"texture":"#0","tintindex":0},"north":{"uv":[12.625,9.0625,13.0,9.375],"rotation":0,"texture":"#0","tintindex":0},"west":{"uv":[13.0625,13.25,13.1875,13.5625],"rotation":0,"texture":"#0","tintindex":0},"up":{"uv":[13.625,12.5,13.25,12.375],"rotation":0,"texture":"#0","tintindex":0},"down":{"uv":[13.625,12.5,13.25,12.625],"rotation":0,"texture":"#0","tintindex":0}}},{"from":[14.0,-1.1428576,5.714286],"to":[15.142858,6.857143,14.285715],"rotation":{"angle":0.0,"axis":"y","origin":[-9.1428585,-3.4285717,8.0]},"faces":{"east":{"uv":[9.9375,8.625,10.875,9.5],"rotation":0,"texture":"#0","tintindex":0},"south":{"uv":[3.1875,12.5,3.3125,13.375],"rotation":0,"texture":"#0","tintindex":0},"north":{"uv":[7.1875,1.1875,7.3125,2.0625],"rotation":0,"texture":"#0","tintindex":0},"west":{"uv":[10.0625,3.875,11.0,4.75],"rotation":0,"texture":"#0","tintindex":0},"up":{"uv":[2.75,4.8125,2.625,3.875],"rotation":0,"texture":"#0","tintindex":0},"down":{"uv":[7.125,0.0,7.0,0.9375],"rotation":0,"texture":"#0","tintindex":0}}}],"textures":{"0":"modelengine:entity/golemtexture"},"display":{"head":{"translation":[0.0,-6.4,0.0],"scale":[4.0,4.0,4.0]}}}