{"elements":[{"from":[5.142857,4.0,5.142857],"to":[10.857143,8.0,10.857143],"rotation":{"angle":0.0,"axis":"y","origin":[2.8571424,4.0,8.0]},"faces":{"east":{"uv":[8.875,11.625,9.5,12.0625],"rotation":0,"texture":"#0","tintindex":0},"south":{"uv":[11.625,9.0625,12.25,9.5],"rotation":0,"texture":"#0","tintindex":0},"north":{"uv":[11.625,8.625,12.25,9.0625],"rotation":0,"texture":"#0","tintindex":0},"west":{"uv":[11.625,9.5,12.25,9.9375],"rotation":0,"texture":"#0","tintindex":0},"up":{"uv":[6.5,4.875,5.875,4.25],"rotation":0,"texture":"#0","tintindex":0},"down":{"uv":[6.5,4.875,5.875,5.5],"rotation":0,"texture":"#0","tintindex":0}}},{"from":[6.285714,4.0,3.4285712],"to":[10.285714,5.714286,5.142857],"rotation":{"angle":0.0,"axis":"y","origin":[2.8571424,4.0,8.0]},"faces":{"east":{"uv":[9.625,13.3125,9.8125,13.5],"rotation":0,"texture":"#0","tintindex":0},"south":{"uv":[12.9375,6.75,13.375,6.9375],"rotation":0,"texture":"#0","tintindex":0},"north":{"uv":[1.25,12.9375,1.6875,13.125],"rotation":0,"texture":"#0","tintindex":0},"west":{"uv":[13.3125,9.75,13.5,9.9375],"rotation":0,"texture":"#0","tintindex":0},"up":{"uv":[13.375,7.125,12.9375,6.9375],"rotation":0,"texture":"#0","tintindex":0},"down":{"uv":[8.3125,12.9375,7.875,13.125],"rotation":0,"texture":"#0","tintindex":0}}}],"textures":{"0":"modelengine:entity/golemtexture"},"display":{"head":{"translation":[0.0,-6.4,0.0],"scale":[4.0,4.0,4.0]}}}