{"elements":[{"from":[6.141041,7.742857,-0.8641567],"to":[8.426755,8.028571,1.4215574],"rotation":{"angle":45.0,"axis":"y","origin":[11.283898,7.5975337,2.1179752]},"faces":{"east":{"uv":[12.5,1.25,13.5,1.5],"rotation":0,"texture":"#0","tintindex":0},"south":{"uv":[12.5,1.5,13.5,1.75],"rotation":0,"texture":"#0","tintindex":0},"north":{"uv":[12.5,1.0,13.5,1.25],"rotation":0,"texture":"#0","tintindex":0},"west":{"uv":[12.5,1.75,13.5,2.0],"rotation":0,"texture":"#0","tintindex":0},"up":{"uv":[12.5,1.0,11.5,0.0],"rotation":0,"texture":"#0","tintindex":0},"down":{"uv":[12.5,1.0,11.5,2.0],"rotation":0,"texture":"#0","tintindex":0}}},{"from":[12.998184,7.742857,1.4215574],"to":[15.855327,8.314285,5.4215574],"rotation":{"angle":22.5,"axis":"y","origin":[18.712471,7.5975337,4.40369]},"faces":{"east":{"uv":[12.0,10.0,13.75,10.25],"rotation":0,"texture":"#0","tintindex":0},"south":{"uv":[12.25,4.25,13.5,4.5],"rotation":0,"texture":"#0","tintindex":0},"north":{"uv":[12.25,4.0,13.5,4.25],"rotation":0,"texture":"#0","tintindex":0},"west":{"uv":[12.0,10.25,13.75,10.5],"rotation":0,"texture":"#0","tintindex":0},"up":{"uv":[12.25,3.75,11.0,2.0],"rotation":0,"texture":"#0","tintindex":0},"down":{"uv":[12.25,3.75,11.0,5.5],"rotation":0,"texture":"#0","tintindex":0}}},{"from":[0.42675495,7.742857,1.9929862],"to":[2.1410403,8.028571,3.1358433],"rotation":{"angle":45.0,"axis":"y","origin":[4.9981837,7.5975337,3.832261]},"faces":{"east":{"uv":[13.0,3.75,13.5,4.0],"rotation":0,"texture":"#0","tintindex":0},"south":{"uv":[13.0,3.5,13.75,3.75],"rotation":0,"texture":"#0","tintindex":0},"north":{"uv":[13.0,0.75,13.75,1.0],"rotation":0,"texture":"#0","tintindex":0},"west":{"uv":[13.0,11.0,13.5,11.25],"rotation":0,"texture":"#0","tintindex":0},"up":{"uv":[13.0,3.5,12.25,3.0],"rotation":0,"texture":"#0","tintindex":0},"down":{"uv":[13.0,3.5,12.25,4.0],"rotation":0,"texture":"#0","tintindex":0}}},{"from":[1.569612,7.742857,5.992986],"to":[3.2838979,8.314285,8.278701],"rotation":{"angle":45.0,"axis":"y","origin":[6.141041,7.5975337,8.975119]},"faces":{"east":{"uv":[11.0,12.5,12.0,12.75],"rotation":0,"texture":"#0","tintindex":0},"south":{"uv":[12.75,11.25,13.5,11.5],"rotation":0,"texture":"#0","tintindex":0},"north":{"uv":[12.75,9.75,13.5,10.0],"rotation":0,"texture":"#0","tintindex":0},"west":{"uv":[12.5,11.5,13.5,11.75],"rotation":0,"texture":"#0","tintindex":0},"up":{"uv":[11.75,12.5,11.0,11.5],"rotation":0,"texture":"#0","tintindex":0},"down":{"uv":[12.5,11.5,11.75,12.5],"rotation":0,"texture":"#0","tintindex":0}}},{"from":[11.855327,7.742857,7.1358433],"to":[13.5696125,8.6,8.850129],"rotation":{"angle":45.0,"axis":"y","origin":[16.426756,7.5975337,10.117976]},"faces":{"east":{"uv":[12.0,11.0,12.75,11.5],"rotation":0,"texture":"#0","tintindex":0},"south":{"uv":[12.25,2.0,13.0,2.5],"rotation":0,"texture":"#0","tintindex":0},"north":{"uv":[12.0,10.5,12.75,11.0],"rotation":0,"texture":"#0","tintindex":0},"west":{"uv":[12.25,2.5,13.0,3.0],"rotation":0,"texture":"#0","tintindex":0},"up":{"uv":[12.75,9.25,12.0,8.5],"rotation":0,"texture":"#0","tintindex":0},"down":{"uv":[12.75,9.25,12.0,10.0],"rotation":0,"texture":"#0","tintindex":0}}}],"textures":{"0":"modelengine:entity/shadowtexture"},"display":{"head":{"translation":[0.0,-6.4,0.0],"scale":[4.0,4.0,4.0]}}}